asset_hash,types,block_paths
0x01AB4A4D,layer,blocks\VZ\layers_static_P000_Q3.block
0x02CAD11C,layer,blocks\VZ\layers_static_P000_Q3.block
0x02F81EDF,layer,blocks\VZ\layers_static_P000_Q3.block
0x072FDFFB,layer,blocks\VZ\layers_static_P000_Q3.block
0x079BF9A2,layer,blocks\VZ\layers_static_P000_Q3.block
0x07A54D8E,layer,blocks\VZ\layers_static_P000_Q3.block
0x083D0C35,layer,blocks\VZ\layers_static_P000_Q3.block
0x084ABF1C,layer,blocks\VZ\layers_static_P000_Q3.block
0x0921CECE,layer,blocks\VZ\layers_static_P000_Q3.block
0x09BB1703,layer,blocks\VZ\layers_static_P000_Q3.block
0x0CB97EE5,layer,blocks\VZ\layers_static_P000_Q3.block
0x0D1577C0,layer,blocks\VZ\layers_static_P000_Q3.block
0x0FA9D754,layer,blocks\VZ\layers_static_P000_Q3.block
0x10F2FC8F,layer,blocks\VZ\layers_static_P000_Q3.block
0x11318E9A,layer,blocks\VZ\layers_static_P000_Q3.block
0x11B6A66D,layer,blocks\VZ\layers_static_P000_Q3.block
0x14EB1648,layer,blocks\VZ\layers_static_P000_Q3.block
0x1550FE3B,layer,blocks\VZ\layers_static_P000_Q3.block
0x16181291,layer,blocks\VZ\layers_static_P000_Q3.block
0x19882C9E,layer,blocks\VZ\layers_static_P000_Q3.block
0x19E05FEB,layer,blocks\VZ\layers_static_P000_Q3.block
0x1AC38C71,layer,blocks\VZ\layers_static_P000_Q3.block
0x1B5B67FF,layer,blocks\VZ\layers_static_P000_Q3.block
0x1C15DD6C,layer,blocks\VZ\layers_static_P000_Q3.block
0x1CE6C741,layer,blocks\VZ\layers_static_P000_Q3.block
0x1E09149F,layer,blocks\VZ\layers_static_P000_Q3.block
0x1E54FC57,layer,blocks\VZ\layers_static_P000_Q3.block
0x1FA4D025,layer,blocks\VZ\layers_static_P000_Q3.block
0x1FE868D5,layer,blocks\VZ\layers_static_P000_Q3.block
0x22E4921C,layer,blocks\VZ\layers_static_P000_Q3.block
0x27B1EE81,layer,blocks\VZ\layers_static_P000_Q3.block
0x282E9B49,layer,blocks\VZ\layers_static_P000_Q3.block
0x2972E259,layer,blocks\VZ\layers_static_P000_Q3.block
0x2A31EBF8,layer,blocks\VZ\layers_static_P000_Q3.block
0x2BA707D5,layer,blocks\VZ\layers_static_P000_Q3.block
0x2E9C9685,layer,blocks\VZ\layers_static_P000_Q3.block
0x312588D0,layer,blocks\VZ\layers_static_P000_Q3.block
0x31776C1F,layer,blocks\VZ\layers_static_P000_Q3.block
0x3266AA18,layer,blocks\VZ\layers_static_P000_Q3.block
0x36EBD955,layer,blocks\VZ\layers_static_P000_Q3.block
0x39046850,layer,blocks\VZ\layers_static_P000_Q3.block
0x39B7C394,layer,blocks\VZ\layers_static_P000_Q3.block
0x39ED21E6,layer,blocks\VZ\layers_static_P000_Q3.block
0x3AA03CF8,layer,blocks\VZ\layers_static_P000_Q3.block
0x3B60178D,layer,blocks\VZ\layers_static_P000_Q3.block
0x3C070542,layer,blocks\VZ\layers_static_P000_Q3.block
0x3C1A8CFA,layer,blocks\VZ\layers_static_P000_Q3.block
0x3C93742B,layer,blocks\VZ\layers_static_P000_Q3.block
0x3C96F88B,layer,blocks\VZ\layers_static_P000_Q3.block
0x3F7F0573,layer,blocks\VZ\layers_static_P000_Q3.block
0x41BE1876,layer,blocks\VZ\layers_static_P000_Q3.block
0x43E2EC9E,layer,blocks\VZ\layers_static_P000_Q3.block
0x44DFE1D6,layer,blocks\VZ\layers_static_P000_Q3.block
0x4B51C150,layer,blocks\VZ\layers_static_P000_Q3.block
0x4D508EB1,layer,blocks\VZ\layers_static_P000_Q3.block
0x4F755CC2,layer,blocks\VZ\layers_static_P000_Q3.block
0x500FC217,layer,blocks\VZ\layers_static_P000_Q3.block
0x50BD6D56,layer,blocks\VZ\layers_static_P000_Q3.block
0x54F7EA3D,layer,blocks\VZ\layers_static_P000_Q3.block
0x5678646A,layer,blocks\VZ\layers_static_P000_Q3.block
0x57AF9AD6,layer,blocks\VZ\layers_static_P000_Q3.block
0x57CCD0AD,layer,blocks\VZ\layers_static_P000_Q3.block
0x592C0F6E,layer,blocks\VZ\layers_static_P000_Q3.block
0x5A9164CE,layer,blocks\VZ\layers_static_P000_Q3.block
0x5F00D8D1,layer,blocks\VZ\layers_static_P000_Q3.block
0x600C079A,layer,blocks\VZ\layers_static_P000_Q3.block
0x6295EE94,layer,blocks\VZ\layers_static_P000_Q3.block
0x629972F4,layer,blocks\VZ\layers_static_P000_Q3.block
0x6466DCB9,layer,blocks\VZ\layers_static_P000_Q3.block
0x64A2BDAD,layer,blocks\VZ\layers_static_P000_Q3.block
0x654D865C,layer,blocks\VZ\layers_static_P000_Q3.block
0x65E560BB,layer,blocks\VZ\layers_static_P000_Q3.block
0x65E9DDE9,layer,blocks\VZ\layers_static_P000_Q3.block
0x666E333A,layer,blocks\VZ\layers_static_P000_Q3.block
0x66F1DADF,layer,blocks\VZ\layers_static_P000_Q3.block
0x69ACA399,layer,blocks\VZ\layers_static_P000_Q3.block
0x69C02B51,layer,blocks\VZ\layers_static_P000_Q3.block
0x6BC1916F,layer,blocks\VZ\layers_static_P000_Q3.block
0x6FF3D556,layer,blocks\VZ\layers_static_P000_Q3.block
0x712C158C,layer,blocks\VZ\layers_static_P000_Q3.block
0x71B12D5F,layer,blocks\VZ\layers_static_P000_Q3.block
0x71D983AE,layer,blocks\VZ\layers_static_P000_Q3.block
0x7435D9E0,layer,blocks\VZ\layers_static_P000_Q3.block
0x74CBF0C3,layer,blocks\VZ\layers_static_P000_Q3.block
0x75A9663A,layer,blocks\VZ\layers_static_P000_Q3.block
0x75B8F79E,layer,blocks\VZ\layers_static_P000_Q3.block
0x76FD44B8,layer,blocks\VZ\layers_static_P000_Q3.block
0x778ADDC9,layer,blocks\VZ\layers_static_P000_Q3.block
0x7A776CC6,layer,blocks\VZ\layers_static_P000_Q3.block
0x7AEE1700,layer,blocks\VZ\layers_static_P000_Q3.block
0x7E20CBD1,layer,blocks\VZ\layers_static_P000_Q3.block
0x80BDE6BC,layer,blocks\VZ\layers_static_P000_Q3.block
0x82E9A66A,layer,blocks\VZ\layers_static_P000_Q3.block
0x85C3B95B,layer,blocks\VZ\layers_static_P000_Q3.block
0x8736C25A,layer,blocks\VZ\layers_static_P000_Q3.block
0x8748AE61,layer,blocks\VZ\layers_static_P000_Q3.block
0x87E21FF4,layer,blocks\VZ\layers_static_P000_Q3.block
0x8B29FFE3,layer,blocks\VZ\layers_static_P000_Q3.block
0x8C203CEE,layer,blocks\VZ\layers_static_P000_Q3.block
0x8EB1FC67,layer,blocks\VZ\layers_static_P000_Q3.block
0x8F39B06F,layer,blocks\VZ\layers_static_P000_Q3.block
0x8FAF1E02,layer,blocks\VZ\layers_static_P000_Q3.block
0x907A1128,layer,blocks\VZ\layers_static_P000_Q3.block
0x935614B9,layer,blocks\VZ\layers_static_P000_Q3.block
0x94108A26,layer,blocks\VZ\layers_static_P000_Q3.block
0x9467C9E8,layer,blocks\VZ\layers_static_P000_Q3.block
0x95FE7AD5,layer,blocks\VZ\layers_static_P000_Q3.block
0x964FA911,layer,blocks\VZ\layers_static_P000_Q3.block
0x96A2A7F6,layer,blocks\VZ\layers_static_P000_Q3.block
0x96EA6E01,layer,blocks\VZ\layers_static_P000_Q3.block
0x98EC3F0E,layer,blocks\VZ\layers_static_P000_Q3.block
0x9A8ADA1C,layer,blocks\VZ\layers_static_P000_Q3.block
0x9BEFBB3D,layer,blocks\VZ\layers_static_P000_Q3.block
0x9FA1C8BE,layer,blocks\VZ\layers_static_P000_Q3.block
0x9FB14574,layer,blocks\VZ\layers_static_P000_Q3.block
0xA0F0C8D4,layer,blocks\VZ\layers_static_P000_Q3.block
0xA31B6BCE,layer,blocks\VZ\layers_static_P000_Q3.block
0xA3D27F14,layer,blocks\VZ\layers_static_P000_Q3.block
0xA4EC1A87,layer,blocks\VZ\layers_static_P000_Q3.block
0xA5380086,layer,blocks\VZ\layers_static_P000_Q3.block
0xA610770A,layer,blocks\VZ\layers_static_P000_Q3.block
0xA692C611,layer,blocks\VZ\layers_static_P000_Q3.block
0xAB0C6065,layer,blocks\VZ\layers_static_P000_Q3.block
0xB41FC710,layer,blocks\VZ\layers_static_P000_Q3.block
0xB5859D71,layer,blocks\VZ\layers_static_P000_Q3.block
0xB5A10A52,layer,blocks\VZ\layers_static_P000_Q3.block
0xB95411F4,layer,blocks\VZ\layers_static_P000_Q3.block
0xB9588F22,layer,blocks\VZ\layers_static_P000_Q3.block
0xBA747869,layer,blocks\VZ\layers_static_P000_Q3.block
0xBAA2F7D8,layer,blocks\VZ\layers_static_P000_Q3.block
0xBD0BBB0C,layer,blocks\VZ\layers_static_P000_Q3.block
0xBD7C7E0A,layer,blocks\VZ\layers_static_P000_Q3.block
0xBE0E8DAD,layer,blocks\VZ\layers_static_P000_Q3.block
0xC155EFB8,layer,blocks\VZ\layers_static_P000_Q3.block
0xC2CD6833,layer,blocks\VZ\layers_static_P000_Q3.block
0xC37465B6,layer,blocks\VZ\layers_static_P000_Q3.block
0xC3D6CE4E,layer,blocks\VZ\layers_static_P000_Q3.block
0xCAC803BC,layer,blocks\VZ\layers_static_P000_Q3.block
0xCC95407A,layer,blocks\VZ\layers_static_P000_Q3.block
0xCCF5DA2C,layer,blocks\VZ\layers_static_P000_Q3.block
0xCEDC9142,layer,blocks\VZ\layers_static_P000_Q3.block
0xCF701614,layer,blocks\VZ\layers_static_P000_Q3.block
0xD02A9BEA,layer,blocks\VZ\layers_static_P000_Q3.block
0xD17CE52D,layer,blocks\VZ\layers_static_P000_Q3.block
0xD2DEE8A4,layer,blocks\VZ\layers_static_P000_Q3.block
0xD3DC5C8B,layer,blocks\VZ\layers_static_P000_Q3.block
0xD51825F2,layer,blocks\VZ\layers_static_P000_Q3.block
0xDA941FAE,layer,blocks\VZ\layers_static_P000_Q3.block
0xDE31F8ED,layer,blocks\VZ\layers_static_P000_Q3.block
0xE470EBC1,layer,blocks\VZ\layers_static_P000_Q3.block
0xE4A5788D,layer,blocks\VZ\layers_static_P000_Q3.block
0xE52D6BDE,layer,blocks\VZ\layers_static_P000_Q3.block
0xE6418F93,layer,blocks\VZ\layers_static_P000_Q3.block
0xE7062C17,layer,blocks\VZ\layers_static_P000_Q3.block
0xE7433553,layer,blocks\VZ\layers_static_P000_Q3.block
0xE7B425B8,layer,blocks\VZ\layers_static_P000_Q3.block
0xE7B8A2E6,layer,blocks\VZ\layers_static_P000_Q3.block
0xE8181B2C,layer,blocks\VZ\layers_static_P000_Q3.block
0xE93E1865,layer,blocks\VZ\layers_static_P000_Q3.block
0xEB2F1431,layer,blocks\VZ\layers_static_P000_Q3.block
0xEB6014A5,layer,blocks\VZ\layers_static_P000_Q3.block
0xEE7CD9AC,layer,blocks\VZ\layers_static_P000_Q3.block
0xEEA6C904,layer,blocks\VZ\layers_static_P000_Q3.block
0xEF3EC4BD,layer,blocks\VZ\layers_static_P000_Q3.block
0xF283D1F8,layer,blocks\VZ\layers_static_P000_Q3.block
0xF52AD72F,layer,blocks\VZ\layers_static_P000_Q3.block
0xF660E388,layer,blocks\VZ\layers_static_P000_Q3.block
0xF9E35422,layer,blocks\VZ\layers_static_P000_Q3.block
0xFAF2A7EC,layer,blocks\VZ\layers_static_P000_Q3.block
0xFAF39519,layer,blocks\VZ\layers_static_P000_Q3.block
0xFC3C4232,layer,blocks\VZ\layers_static_P000_Q3.block
0xFC739AA5,layer,blocks\VZ\layers_static_P000_Q3.block
0xFDB0F5B2,layer,blocks\VZ\layers_static_P000_Q3.block
0xFEFBC483,layer,blocks\VZ\layers_static_P000_Q3.block
