name	key	sho	stage	family	class	configs	inputs
Pg2DDepthFilterVP	0xB641002F	Pg2DDepthFilterVP.sho	vertex	vertex	0	none0,none1,r2vb0,r2vb1,vt0,vt1	shader3.bin=0.0+5.0;shader3Low.bin=0.0+5.0
Pg2DDepthFP	0xB937B769	Pg2DDepthFP.sho	pixel	pixel	0	none0,none1,r2vb0,r2vb1,vt0,vt1	-
Pg2DDepthVP	0x692F6DB9	Pg2DDepthVP.sho	vertex	vertex	0	none0,none1,r2vb0,r2vb1,vt0,vt1	shader3.bin=0.0+5.0+10.0;shader3Low.bin=0.0+5.0+10.0
Pg2DVP	0x86A7C246	Pg2DVP.sho	vertex	vertex	0	none0,none1,r2vb0,r2vb1,vt0,vt1	shader3.bin=0.0+5.0+10.0;shader3Low.bin=0.0+5.0+10.0
Pg3DVP	0x21359961	Pg3DVP.sho	vertex	vertex	0	none0,none1,r2vb0,r2vb1,vt0,vt1	shader3.bin=0.0+5.0+10.0;shader3Low.bin=0.0+5.0+10.0
PgAdaptiveLuminanceFP	0x80BE53F0	PgAdaptiveLuminanceFP.sho	pixel	adaptive_luminance_pixel	0	none0,none1,r2vb0,r2vb1,vt0,vt1	-
PgAntiAliasingFP	0x77D727B8	PgAntiAliasingFP.sho	pixel	anti_aliasing_pixel	0	none0,none1,r2vb0,r2vb1,vt0,vt1	-
PgAtmosphereVP	0xD125E284	PgAtmosphereVP.sho	vertex	vertex	0	none0,none1,r2vb0,r2vb1,vt0,vt1	shader3.bin=0.0+5.0;shader3Low.bin=0.0+5.0
PgBillboardTreeFP	0x113BCE29	PgBillboardTreeFP.sho	pixel	billboard_tree_pixel	0	none0,none1,r2vb0,r2vb1,vt0,vt1	-
PgBillboardTreeFP_fade	0x0E1C779A	PgBillboardTreeFP_fade.sho	pixel	billboard_tree_pixel	0	none0,none1,r2vb0,r2vb1,vt0,vt1	-
PgBillboardTreeShadowVP	0x5FF6DE01	PgBillboardTreeShadowVP.sho	vertex	billboard_tree_vertex	0	none0,none1,r2vb0,r2vb1,vt0,vt1	shader3.bin=0.0;shader3Low.bin=0.0
PgBillboardTreeVP	0xBEB91B79	PgBillboardTreeVP.sho	vertex	billboard_tree_vertex	0	none0,none1,r2vb0,r2vb1,vt0,vt1	shader3.bin=0.0;shader3Low.bin=0.0
PgBillboardTreeVP_fade	0x7F4A5A6A	PgBillboardTreeVP_fade.sho	vertex	billboard_tree_vertex	0	none0,none1,r2vb0,r2vb1,vt0,vt1	shader3.bin=0.0;shader3Low.bin=0.0
PgBillboardTreeZPassVP	0x71984612	PgBillboardTreeZPassVP.sho	vertex	billboard_tree_vertex	0	none0,none1,r2vb0,r2vb1,vt0,vt1	shader3.bin=0.0;shader3Low.bin=0.0
PgBlobShadowFP	0x3420842D	PgBlobShadowFP.sho	pixel	blob_shadow_pixel	0	none0,none1,r2vb0,r2vb1,vt0,vt1	-
PgBlobShadowVP	0x46A2D21D	PgBlobShadowVP.sho	vertex	blob_shadow_vertex	0	none0,none1,r2vb0,r2vb1,vt0,vt1	shader3.bin=0.0;shader3Low.bin=0.0
PgBloomCombinerFP	0xA8DE6C7A	PgBloomCombinerFP.sho	pixel	pixel	0	none0,none1,r2vb0,r2vb1,vt0,vt1	-
PgBlurHFP	0xFCE1BDBD	PgBlurHFP.sho	pixel	blur_pixel	0	none0,none1,r2vb0,r2vb1,vt0,vt1	-
PgBlurVFP	0x10019123	PgBlurVFP.sho	pixel	blur_pixel	0	none0,none1,r2vb0,r2vb1,vt0,vt1	-
PgCanvasFP	0x00CF13C8	PgCanvasFP.sho	pixel	pixel	0	none0,none1,r2vb0,r2vb1,vt0,vt1	-
PgCloudGenFP1	0x95F6F4F8	PgCloudGenFP1.sho	pixel	cloud_gen_pixel	0	none0,none1,r2vb0,r2vb1,vt0,vt1	-
PgCloudRenderFP1	0x824F9490	PgCloudRenderFP1.sho	pixel	cloud_render_pixel	0	none0,none1,r2vb0,r2vb1,vt0,vt1	-
PgCloudRenderFP2	0x6C4D3357	PgCloudRenderFP2.sho	pixel	pixel	0	none0,none1,r2vb0,r2vb1,vt0,vt1	-
PgCloudRenderVP1	0x9455AD20	PgCloudRenderVP1.sho	vertex	cloud_render_vertex	0	none0,none1,r2vb0,r2vb1,vt0,vt1	shader3.bin=0.0;shader3Low.bin=0.0
PgCloudRenderVP2	0x3E52E727	PgCloudRenderVP2.sho	vertex	cloud_render_vertex	0	none0,none1,r2vb0,r2vb1,vt0,vt1	shader3.bin=0.0;shader3Low.bin=0.0
PgColorFP	0x7B0ECA31	PgColorFP.sho	pixel	pixel	0	none0,none1,r2vb0,r2vb1,vt0,vt1	-
PgColorFPConst	0xB6EF13EE	PgColorFPConst.sho	pixel	pixel	0	none0,none1,r2vb0,r2vb1,vt0,vt1	-
PgDecal2FP	0xFCF8FBFB	PgDecal2FP.sho	pixel	decal_pixel	0	none0,none1,r2vb0,r2vb1,vt0,vt1	-
PgDecal2FP_pl	0xF87D5ECE	PgDecal2FP_pl.sho	pixel	decal_pixel	1	none1,r2vb1,vt1	-
PgDecal2FP_pl_sl	0x1B3ACBE8	PgDecal2FP_pl_sl.sho	pixel	decal_pixel	3	none1,r2vb1,vt1	-
PgDecal2FP_sl	0xC295CF83	PgDecal2FP_sl.sho	pixel	decal_pixel	2	none1,r2vb1,vt1	-
PgDecalVP	0x11E19BAB	PgDecalVP.sho	vertex	decal_vertex	0	none0,none1,r2vb0,r2vb1,vt0,vt1	shader3.bin=0.0+3.0+2.0+5.0;shader3Low.bin=0.0+3.0+2.0+5.0
PgDiffAmbOccFP	0xE48464A0	PgDiffAmbOccFP.sho	pixel	pixel	0	none0,none1,r2vb0,r2vb1,vt0,vt1	-
PgDiffAmbOccFP_pl	0xEAF1889B	PgDiffAmbOccFP_pl.sho	pixel	pixel	1	none1,r2vb1,vt1	-
PgDiffAmbOccFP_pl_sl	0x622FDA23	PgDiffAmbOccFP_pl_sl.sho	pixel	pixel	3	none1,r2vb1,vt1	-
PgDiffAmbOccFP_sl	0x83A236E6	PgDiffAmbOccFP_sl.sho	pixel	pixel	2	none1,r2vb1,vt1	-
PgDiffAmbOccRimFP	0x3E9A1B40	PgDiffAmbOccRimFP.sho	pixel	pixel	0	none0,none1,r2vb0,r2vb1,vt0,vt1	-
PgDiffAmbOccRimFP_pl	0x3E282C3B	PgDiffAmbOccRimFP_pl.sho	pixel	pixel	1	none1,r2vb1,vt1	-
PgDiffAmbOccRimFP_pl_sl	0x3BE1ABC3	PgDiffAmbOccRimFP_pl_sl.sho	pixel	pixel	3	none1,r2vb1,vt1	-
PgDiffAmbOccRimFP_sl	0xD6D8DA86	PgDiffAmbOccRimFP_sl.sho	pixel	pixel	2	none1,r2vb1,vt1	-
PgDiffEmisAmbOccFP	0x1E2481DE	PgDiffEmisAmbOccFP.sho	pixel	pixel	0	none0,none1,r2vb0,r2vb1,vt0,vt1	-
PgDiffEmisAmbOccFP_pl	0xA1E390A1	PgDiffEmisAmbOccFP_pl.sho	pixel	pixel	1	none1,r2vb1,vt1	-
PgDiffEmisAmbOccFP_pl_sl	0x47CB4AAD	PgDiffEmisAmbOccFP_pl_sl.sho	pixel	pixel	3	none1,r2vb1,vt1	-
PgDiffEmisAmbOccFP_sl	0x6CB60598	PgDiffEmisAmbOccFP_sl.sho	pixel	pixel	2	none1,r2vb1,vt1	-
PgDiffEmisAmbOccRimFP	0x7DA682FE	PgDiffEmisAmbOccRimFP.sho	pixel	pixel	0	none0,none1,r2vb0,r2vb1,vt0,vt1	-
PgDiffEmisAmbOccRimFP_pl	0xCEB1DC41	PgDiffEmisAmbOccRimFP_pl.sho	pixel	pixel	1	none1,r2vb1,vt1	-
PgDiffEmisAmbOccRimFP_pl_sl	0xC543CBCD	PgDiffEmisAmbOccRimFP_pl_sl.sho	pixel	pixel	3	none1,r2vb1,vt1	-
PgDiffEmisAmbOccRimFP_sl	0x19851AB8	PgDiffEmisAmbOccRimFP_sl.sho	pixel	pixel	2	none1,r2vb1,vt1	-
PgDiffEmisFP	0x7ED2DE27	PgDiffEmisFP.sho	pixel	pixel	0	none0,none1,r2vb0,r2vb1,vt0,vt1	-
PgDiffEmisFP_pl	0x4F5B4762	PgDiffEmisFP_pl.sho	pixel	pixel	1	none1,r2vb1,vt1	-
PgDiffEmisFP_pl_sl	0x3CA17CB4	PgDiffEmisFP_pl_sl.sho	pixel	pixel	3	none1,r2vb1,vt1	-
PgDiffEmisFP_sl	0x79744F37	PgDiffEmisFP_sl.sho	pixel	pixel	2	none1,r2vb1,vt1	-
PgDiffEmisRimFP	0x3832FAF1	PgDiffEmisRimFP.sho	pixel	pixel	0	none0,none1,r2vb0,r2vb1,vt0,vt1	-
PgDiffEmisRimFP_pl	0xDCCFC614	PgDiffEmisRimFP_pl.sho	pixel	pixel	1	none1,r2vb1,vt1	-
PgDiffEmisRimFP_pl_sl	0xFAF885F2	PgDiffEmisRimFP_pl_sl.sho	pixel	pixel	3	none1,r2vb1,vt1	-
PgDiffEmisRimFP_sl	0xD1FCEC5D	PgDiffEmisRimFP_sl.sho	pixel	pixel	2	none1,r2vb1,vt1	-
PgDiffFP	0x343AF931	PgDiffFP.sho	pixel	pixel	0	none0,none1,r2vb0,r2vb1,vt0,vt1	-
PgDiffFP_pl	0xDB711A54	PgDiffFP_pl.sho	pixel	pixel	1	none1,r2vb1,vt1	-
PgDiffFP_pl_sl	0xF21C4632	PgDiffFP_pl_sl.sho	pixel	pixel	3	none1,r2vb1,vt1	-
PgDiffFP_sl	0xD09E409D	PgDiffFP_sl.sho	pixel	pixel	2	none1,r2vb1,vt1	-
PgDiffRefractFP	0x9EA77C7A	PgDiffRefractFP.sho	pixel	pixel	0	none0,none1,r2vb0,r2vb1,vt0,vt1	-
PgDiffRefractNormFP	0xA3B7B2D0	PgDiffRefractNormFP.sho	pixel	pixel	0	none0,none1,r2vb0,r2vb1,vt0,vt1	-
PgDiffRimFP	0x1123E113	PgDiffRimFP.sho	pixel	pixel	0	none0,none1,r2vb0,r2vb1,vt0,vt1	-
PgDiffRimFP_pl	0x4C124076	PgDiffRimFP_pl.sho	pixel	pixel	1	none1,r2vb1,vt1	-
PgDiffRimFP_pl_sl	0x42B4C320	PgDiffRimFP_pl_sl.sho	pixel	pixel	3	none1,r2vb1,vt1	-
PgDiffRimFP_sl	0xF3FFC7AB	PgDiffRimFP_sl.sho	pixel	pixel	2	none1,r2vb1,vt1	-
PgDiffSpecAmbOccFP	0x0ED6B62D	PgDiffSpecAmbOccFP.sho	pixel	pixel	0	none0,none1,r2vb0,r2vb1,vt0,vt1	-
PgDiffSpecAmbOccFP_pl	0xC5EBD608	PgDiffSpecAmbOccFP_pl.sho	pixel	pixel	1	none1,r2vb1,vt1	-
PgDiffSpecAmbOccFP_pl_sl	0xC0E91AFE	PgDiffSpecAmbOccFP_pl_sl.sho	pixel	pixel	3	none1,r2vb1,vt1	-
PgDiffSpecAmbOccFP_sl	0x3BB79691	PgDiffSpecAmbOccFP_sl.sho	pixel	pixel	2	none1,r2vb1,vt1	-
PgDiffSpecAmbOccRimFP	0x42E8BE6F	PgDiffSpecAmbOccRimFP.sho	pixel	pixel	0	none0,none1,r2vb0,r2vb1,vt0,vt1	-
PgDiffSpecAmbOccRimFP_pl	0x44F1B51A	PgDiffSpecAmbOccRimFP_pl.sho	pixel	pixel	1	none1,r2vb1,vt1	-
PgDiffSpecAmbOccRimFP_pl_sl	0x35E589BC	PgDiffSpecAmbOccRimFP_pl_sl.sho	pixel	pixel	3	none1,r2vb1,vt1	-
PgDiffSpecAmbOccRimFP_sl	0x8EBB3D6F	PgDiffSpecAmbOccRimFP_sl.sho	pixel	pixel	2	none1,r2vb1,vt1	-
PgDiffSpecFP	0xFA98175C	PgDiffSpecFP.sho	pixel	pixel	0	none0,none1,r2vb0,r2vb1,vt0,vt1	-
PgDiffSpecFP_pl	0x4AC6C83F	PgDiffSpecFP_pl.sho	pixel	pixel	1	none1,r2vb1,vt1	-
PgDiffSpecFP_pl_sl	0xFE2768DF	PgDiffSpecFP_pl_sl.sho	pixel	pixel	3	none1,r2vb1,vt1	-
PgDiffSpecFP_sl	0x82D90EAA	PgDiffSpecFP_sl.sho	pixel	pixel	2	none1,r2vb1,vt1	-
PgDiffSpecMetalAmbOccFP	0xFAC02D94	PgDiffSpecMetalAmbOccFP.sho	pixel	pixel	0	none0,none1,r2vb0,r2vb1,vt0,vt1	-
PgDiffSpecMetalAmbOccFP_pl	0x3FDEC507	PgDiffSpecMetalAmbOccFP_pl.sho	pixel	pixel	1	none1,r2vb1,vt1	-
PgDiffSpecMetalAmbOccFP_pl_sl	0x81EB6497	PgDiffSpecMetalAmbOccFP_pl_sl.sho	pixel	pixel	3	none1,r2vb1,vt1	-
PgDiffSpecMetalAmbOccFP_sl	0xD5C55872	PgDiffSpecMetalAmbOccFP_sl.sho	pixel	pixel	2	none1,r2vb1,vt1	-
PgDiffSpecMetalAmbOccRimFP	0x98F9A634	PgDiffSpecMetalAmbOccRimFP.sho	pixel	pixel	0	none0,none1,r2vb0,r2vb1,vt0,vt1	-
PgDiffSpecMetalAmbOccRimFP_pl	0x4014ECA7	PgDiffSpecMetalAmbOccRimFP_pl.sho	pixel	pixel	1	none1,r2vb1,vt1	-
PgDiffSpecMetalAmbOccRimFP_pl_sl	0x4EF20EB7	PgDiffSpecMetalAmbOccRimFP_pl_sl.sho	pixel	pixel	3	none1,r2vb1,vt1	-
PgDiffSpecMetalAmbOccRimFP_sl	0x55FC4992	PgDiffSpecMetalAmbOccRimFP_sl.sho	pixel	pixel	2	none1,r2vb1,vt1	-
PgDiffSpecMetalFP	0xBA276785	PgDiffSpecMetalFP.sho	pixel	pixel	0	none0,none1,r2vb0,r2vb1,vt0,vt1	-
PgDiffSpecMetalFP_pl	0x92859B50	PgDiffSpecMetalFP_pl.sho	pixel	pixel	1	none1,r2vb1,vt1	-
PgDiffSpecMetalFP_pl_sl	0x69B770F6	PgDiffSpecMetalFP_pl_sl.sho	pixel	pixel	3	none1,r2vb1,vt1	-
PgDiffSpecMetalFP_sl	0x058740F9	PgDiffSpecMetalFP_sl.sho	pixel	pixel	2	none1,r2vb1,vt1	-
PgDiffSpecMetalNormAmbOccFP	0xDA9B529E	PgDiffSpecMetalNormAmbOccFP.sho	pixel	pixel	0	none0,none1,r2vb0,r2vb1,vt0,vt1	-
PgDiffSpecMetalNormAmbOccFP_pl	0x9D2C1061	PgDiffSpecMetalNormAmbOccFP_pl.sho	pixel	pixel	1	none1,r2vb1,vt1	-
PgDiffSpecMetalNormAmbOccFP_pl_sl	0x68925A6D	PgDiffSpecMetalNormAmbOccFP_pl_sl.sho	pixel	pixel	3	none1,r2vb1,vt1	-
PgDiffSpecMetalNormAmbOccFP_sl	0x67FE8558	PgDiffSpecMetalNormAmbOccFP_sl.sho	pixel	pixel	2	none1,r2vb1,vt1	-
PgDiffSpecMetalNormAmbOccRimFP	0xF3F7B4BE	PgDiffSpecMetalNormAmbOccRimFP.sho	pixel	pixel	0	none0,none1,r2vb0,r2vb1,vt0,vt1	-
PgDiffSpecMetalNormAmbOccRimFP_pl	0xF900A901	PgDiffSpecMetalNormAmbOccRimFP_pl.sho	pixel	pixel	1	none1,r2vb1,vt1	-
PgDiffSpecMetalNormAmbOccRimFP_pl_sl	0x5C071F8D	PgDiffSpecMetalNormAmbOccRimFP_pl_sl.sho	pixel	pixel	3	none1,r2vb1,vt1	-
PgDiffSpecMetalNormAmbOccRimFP_sl	0x43D3E778	PgDiffSpecMetalNormAmbOccRimFP_sl.sho	pixel	pixel	2	none1,r2vb1,vt1	-
PgDiffSpecMetalNormFP	0xB68E1BE7	PgDiffSpecMetalNormFP.sho	pixel	pixel	0	none0,none1,r2vb0,r2vb1,vt0,vt1	-
PgDiffSpecMetalNormFP_pl	0xE85AF022	PgDiffSpecMetalNormFP_pl.sho	pixel	pixel	1	none1,r2vb1,vt1	-
PgDiffSpecMetalNormFP_pl_sl	0x93094474	PgDiffSpecMetalNormFP_pl_sl.sho	pixel	pixel	3	none1,r2vb1,vt1	-
PgDiffSpecMetalNormFP_sl	0x0FF98EF7	PgDiffSpecMetalNormFP_sl.sho	pixel	pixel	2	none1,r2vb1,vt1	-
PgDiffSpecMetalNormRimFP	0xFAF74BB1	PgDiffSpecMetalNormRimFP.sho	pixel	pixel	0	none0,none1,r2vb0,r2vb1,vt0,vt1	-
PgDiffSpecMetalNormRimFP_pl	0xE14CC5D4	PgDiffSpecMetalNormRimFP_pl.sho	pixel	pixel	1	none1,r2vb1,vt1	-
PgDiffSpecMetalNormRimFP_pl_sl	0x576204B2	PgDiffSpecMetalNormRimFP_pl_sl.sho	pixel	pixel	3	none1,r2vb1,vt1	-
PgDiffSpecMetalNormRimFP_sl	0xD679EC1D	PgDiffSpecMetalNormRimFP_sl.sho	pixel	pixel	2	none1,r2vb1,vt1	-
PgDiffSpecMetalRimFP	0xA01A3877	PgDiffSpecMetalRimFP.sho	pixel	pixel	0	none0,none1,r2vb0,r2vb1,vt0,vt1	-
PgDiffSpecMetalRimFP_pl	0x0D010292	PgDiffSpecMetalRimFP_pl.sho	pixel	pixel	1	none1,r2vb1,vt1	-
PgDiffSpecMetalRimFP_pl_sl	0x2481F6C4	PgDiffSpecMetalRimFP_pl_sl.sho	pixel	pixel	3	none1,r2vb1,vt1	-
PgDiffSpecMetalRimFP_sl	0xF719A5A7	PgDiffSpecMetalRimFP_sl.sho	pixel	pixel	2	none1,r2vb1,vt1	-
PgDiffSpecNormAmbOccFP	0x1560A817	PgDiffSpecNormAmbOccFP.sho	pixel	pixel	0	none0,none1,r2vb0,r2vb1,vt0,vt1	-
PgDiffSpecNormAmbOccFP_pl	0x247FA532	PgDiffSpecNormAmbOccFP_pl.sho	pixel	pixel	1	none1,r2vb1,vt1	-
PgDiffSpecNormAmbOccFP_pl_sl	0xF3C5A9E4	PgDiffSpecNormAmbOccFP_pl_sl.sho	pixel	pixel	3	none1,r2vb1,vt1	-
PgDiffSpecNormAmbOccFP_sl	0x8C1EA8C7	PgDiffSpecNormAmbOccFP_sl.sho	pixel	pixel	2	none1,r2vb1,vt1	-
PgDiffSpecNormAmbOccRimFP	0x8925F9E1	PgDiffSpecNormAmbOccRimFP.sho	pixel	pixel	0	none0,none1,r2vb0,r2vb1,vt0,vt1	-
PgDiffSpecNormAmbOccRimFP_pl	0x5C421DA4	PgDiffSpecNormAmbOccRimFP_pl.sho	pixel	pixel	1	none1,r2vb1,vt1	-
PgDiffSpecNormAmbOccRimFP_pl_sl	0x1BB205E2	PgDiffSpecNormAmbOccRimFP_pl_sl.sho	pixel	pixel	3	none1,r2vb1,vt1	-
PgDiffSpecNormAmbOccRimFP_sl	0x120E42ED	PgDiffSpecNormAmbOccRimFP_sl.sho	pixel	pixel	2	none1,r2vb1,vt1	-
PgDiffSpecNormFP	0xCAEFE1FE	PgDiffSpecNormFP.sho	pixel	pixel	0	none0,none1,r2vb0,r2vb1,vt0,vt1	-
PgDiffSpecNormFP_pl	0x1A9DB141	PgDiffSpecNormFP_pl.sho	pixel	pixel	1	none1,r2vb1,vt1	-
PgDiffSpecNormFP_pl_sl	0x474A32CD	PgDiffSpecNormFP_pl_sl.sho	pixel	pixel	3	none1,r2vb1,vt1	-
PgDiffSpecNormFP_sl	0x6570EFB8	PgDiffSpecNormFP_sl.sho	pixel	pixel	2	none1,r2vb1,vt1	-
PgDiffSpecNormRimFP	0x73E7041E	PgDiffSpecNormRimFP.sho	pixel	pixel	0	none0,none1,r2vb0,r2vb1,vt0,vt1	-
PgDiffSpecNormRimFP_pl	0xEC7590E1	PgDiffSpecNormRimFP_pl.sho	pixel	pixel	1	none1,r2vb1,vt1	-
PgDiffSpecNormRimFP_pl_sl	0x7AF47FED	PgDiffSpecNormRimFP_pl_sl.sho	pixel	pixel	3	none1,r2vb1,vt1	-
PgDiffSpecNormRimFP_sl	0xB74805D8	PgDiffSpecNormRimFP_sl.sho	pixel	pixel	2	none1,r2vb1,vt1	-
PgDiffSpecReflAmbOccFP	0x3E7211AC	PgDiffSpecReflAmbOccFP.sho	pixel	pixel	0	none0,none1,r2vb0,r2vb1,vt0,vt1	-
PgDiffSpecReflAmbOccFP_pl	0x488DB3AF	PgDiffSpecReflAmbOccFP_pl.sho	pixel	pixel	1	none1,r2vb1,vt1	-
PgDiffSpecReflAmbOccFP_pl_sl	0xDA5474AF	PgDiffSpecReflAmbOccFP_pl_sl.sho	pixel	pixel	3	none1,r2vb1,vt1	-
PgDiffSpecReflAmbOccFP_sl	0x013E945A	PgDiffSpecReflAmbOccFP_sl.sho	pixel	pixel	2	none1,r2vb1,vt1	-
PgDiffSpecReflAmbOccRimFP	0xBC50917C	PgDiffSpecReflAmbOccRimFP.sho	pixel	pixel	0	none0,none1,r2vb0,r2vb1,vt0,vt1	-
PgDiffSpecReflAmbOccRimFP_pl	0x0A2586DF	PgDiffSpecReflAmbOccRimFP_pl.sho	pixel	pixel	1	none1,r2vb1,vt1	-
PgDiffSpecReflAmbOccRimFP_pl_sl	0x57A8197F	PgDiffSpecReflAmbOccRimFP_pl_sl.sho	pixel	pixel	3	none1,r2vb1,vt1	-
PgDiffSpecReflAmbOccRimFP_sl	0x3FBD644A	PgDiffSpecReflAmbOccRimFP_sl.sho	pixel	pixel	2	none1,r2vb1,vt1	-
PgDiffSpecReflFP	0x61F4A95D	PgDiffSpecReflFP.sho	pixel	pixel	0	none0,none1,r2vb0,r2vb1,vt0,vt1	-
PgDiffSpecReflFP_pl	0x41ABC9D8	PgDiffSpecReflFP_pl.sho	pixel	pixel	1	none1,r2vb1,vt1	-
PgDiffSpecReflFP_pl_sl	0x7CD6842E	PgDiffSpecReflFP_pl_sl.sho	pixel	pixel	3	none1,r2vb1,vt1	-
PgDiffSpecReflFP_sl	0x76D954E1	PgDiffSpecReflFP_sl.sho	pixel	pixel	2	none1,r2vb1,vt1	-
PgDiffSpecReflNormAmbOccFP	0x68D27BA6	PgDiffSpecReflNormAmbOccFP.sho	pixel	pixel	0	none0,none1,r2vb0,r2vb1,vt0,vt1	-
PgDiffSpecReflNormAmbOccFP_pl	0xD898EA59	PgDiffSpecReflNormAmbOccFP_pl.sho	pixel	pixel	1	none1,r2vb1,vt1	-
PgDiffSpecReflNormAmbOccFP_pl_sl	0x4A0F8915	PgDiffSpecReflNormAmbOccFP_pl_sl.sho	pixel	pixel	3	none1,r2vb1,vt1	-
PgDiffSpecReflNormAmbOccFP_sl	0xE31C1230	PgDiffSpecReflNormAmbOccFP_sl.sho	pixel	pixel	2	none1,r2vb1,vt1	-
PgDiffSpecReflNormAmbOccRimFP	0x322FCD56	PgDiffSpecReflNormAmbOccRimFP.sho	pixel	pixel	0	none0,none1,r2vb0,r2vb1,vt0,vt1	-
PgDiffSpecReflNormAmbOccRimFP_pl	0xEB8A43E9	PgDiffSpecReflNormAmbOccRimFP_pl.sho	pixel	pixel	1	none1,r2vb1,vt1	-
PgDiffSpecReflNormAmbOccRimFP_pl_sl	0xAA771605	PgDiffSpecReflNormAmbOccRimFP_pl_sl.sho	pixel	pixel	3	none1,r2vb1,vt1	-
PgDiffSpecReflNormAmbOccRimFP_sl	0x38883980	PgDiffSpecReflNormAmbOccRimFP_sl.sho	pixel	pixel	2	none1,r2vb1,vt1	-
PgDiffSpecReflNormFP	0x646ADD0F	PgDiffSpecReflNormFP.sho	pixel	pixel	0	none0,none1,r2vb0,r2vb1,vt0,vt1	-
PgDiffSpecReflNormFP_pl	0xDD69253A	PgDiffSpecReflNormFP_pl.sho	pixel	pixel	1	none1,r2vb1,vt1	-
PgDiffSpecReflNormFP_pl_sl	0xCD7205DC	PgDiffSpecReflNormFP_pl_sl.sho	pixel	pixel	3	none1,r2vb1,vt1	-
PgDiffSpecReflNormFP_sl	0x24B8448F	PgDiffSpecReflNormFP_sl.sho	pixel	pixel	2	none1,r2vb1,vt1	-
PgDiffSpecReflNormRimFP	0xC5FAA369	PgDiffSpecReflNormRimFP.sho	pixel	pixel	0	none0,none1,r2vb0,r2vb1,vt0,vt1	-
PgDiffSpecReflNormRimFP_pl	0x935DCFFC	PgDiffSpecReflNormRimFP_pl.sho	pixel	pixel	1	none1,r2vb1,vt1	-
PgDiffSpecReflNormRimFP_pl_sl	0xAA5233CA	PgDiffSpecReflNormRimFP_pl_sl.sho	pixel	pixel	3	none1,r2vb1,vt1	-
PgDiffSpecReflNormRimFP_sl	0x09299085	PgDiffSpecReflNormRimFP_sl.sho	pixel	pixel	2	none1,r2vb1,vt1	-
PgDiffSpecReflRimFP	0x326D2D9F	PgDiffSpecReflRimFP.sho	pixel	pixel	0	none0,none1,r2vb0,r2vb1,vt0,vt1	-
PgDiffSpecReflRimFP_pl	0x22CD62AA	PgDiffSpecReflRimFP_pl.sho	pixel	pixel	1	none1,r2vb1,vt1	-
PgDiffSpecReflRimFP_pl_sl	0x2A9DA06C	PgDiffSpecReflRimFP_pl_sl.sho	pixel	pixel	3	none1,r2vb1,vt1	-
PgDiffSpecReflRimFP_sl	0xEABB1C3F	PgDiffSpecReflRimFP_sl.sho	pixel	pixel	2	none1,r2vb1,vt1	-
PgDiffSpecRimFP	0x83FFF2AC	PgDiffSpecRimFP.sho	pixel	pixel	0	none0,none1,r2vb0,r2vb1,vt0,vt1	-
PgDiffSpecRimFP_pl	0x03719EAF	PgDiffSpecRimFP_pl.sho	pixel	pixel	1	none1,r2vb1,vt1	-
PgDiffSpecRimFP_pl_sl	0x1A6B4DAF	PgDiffSpecRimFP_pl_sl.sho	pixel	pixel	3	none1,r2vb1,vt1	-
PgDiffSpecRimFP_sl	0xBC227F5A	PgDiffSpecRimFP_sl.sho	pixel	pixel	2	none1,r2vb1,vt1	-
PgDiffSpecSSSAmbOccFP	0xC1FE54C0	PgDiffSpecSSSAmbOccFP.sho	pixel	pixel	0	none0,none1,r2vb0,r2vb1,vt0,vt1	-
PgDiffSpecSSSAmbOccFP_pl	0x79B984BB	PgDiffSpecSSSAmbOccFP_pl.sho	pixel	pixel	1	none1,r2vb1,vt1	-
PgDiffSpecSSSAmbOccFP_pl_sl	0xD3581943	PgDiffSpecSSSAmbOccFP_pl_sl.sho	pixel	pixel	3	none1,r2vb1,vt1	-
PgDiffSpecSSSAmbOccFP_sl	0x126A3306	PgDiffSpecSSSAmbOccFP_sl.sho	pixel	pixel	2	none1,r2vb1,vt1	-
PgDiffSpecSSSAmbOccRimFP	0xE6AECC60	PgDiffSpecSSSAmbOccRimFP.sho	pixel	pixel	0	none0,none1,r2vb0,r2vb1,vt0,vt1	-
PgDiffSpecSSSAmbOccRimFP_pl	0x751F905B	PgDiffSpecSSSAmbOccRimFP_pl.sho	pixel	pixel	1	none1,r2vb1,vt1	-
PgDiffSpecSSSAmbOccRimFP_pl_sl	0x0BD358E3	PgDiffSpecSSSAmbOccRimFP_pl_sl.sho	pixel	pixel	3	none1,r2vb1,vt1	-
PgDiffSpecSSSAmbOccRimFP_sl	0x0B55D5A6	PgDiffSpecSSSAmbOccRimFP_sl.sho	pixel	pixel	2	none1,r2vb1,vt1	-
PgDiffSpecSSSFP	0xF3291251	PgDiffSpecSSSFP.sho	pixel	pixel	0	none0,none1,r2vb0,r2vb1,vt0,vt1	-
PgDiffSpecSSSFP_pl	0x9F38CE74	PgDiffSpecSSSFP_pl.sho	pixel	pixel	1	none1,r2vb1,vt1	-
PgDiffSpecSSSFP_pl_sl	0xA124EBD2	PgDiffSpecSSSFP_pl_sl.sho	pixel	pixel	3	none1,r2vb1,vt1	-
PgDiffSpecSSSFP_sl	0x9465F4BD	PgDiffSpecSSSFP_sl.sho	pixel	pixel	2	none1,r2vb1,vt1	-
PgDiffSpecSSSNormAmbOccFP	0x7C326572	PgDiffSpecSSSNormAmbOccFP.sho	pixel	pixel	0	none0,none1,r2vb0,r2vb1,vt0,vt1	-
PgDiffSpecSSSNormAmbOccFP_pl	0x1B93446D	PgDiffSpecSSSNormAmbOccFP_pl.sho	pixel	pixel	1	none1,r2vb1,vt1	-
PgDiffSpecSSSNormAmbOccFP_pl_sl	0x7A6354D1	PgDiffSpecSSSNormAmbOccFP_pl_sl.sho	pixel	pixel	3	none1,r2vb1,vt1	-
PgDiffSpecSSSNormAmbOccFP_sl	0x65C71F24	PgDiffSpecSSSNormAmbOccFP_sl.sho	pixel	pixel	2	none1,r2vb1,vt1	-
PgDiffSpecSSSNormAmbOccRimFP	0xDE1808C2	PgDiffSpecSSSNormAmbOccRimFP.sho	pixel	pixel	0	none0,none1,r2vb0,r2vb1,vt0,vt1	-
PgDiffSpecSSSNormAmbOccRimFP_pl	0xF4DC725D	PgDiffSpecSSSNormAmbOccRimFP_pl.sho	pixel	pixel	1	none1,r2vb1,vt1	-
PgDiffSpecSSSNormAmbOccRimFP_pl_sl	0x284C37E1	PgDiffSpecSSSNormAmbOccRimFP_pl_sl.sho	pixel	pixel	3	none1,r2vb1,vt1	-
PgDiffSpecSSSNormAmbOccRimFP_sl	0xFFAF4C14	PgDiffSpecSSSNormAmbOccRimFP_sl.sho	pixel	pixel	2	none1,r2vb1,vt1	-
PgDiffSpecSSSNormFP	0x75ADBE1B	PgDiffSpecSSSNormFP.sho	pixel	pixel	0	none0,none1,r2vb0,r2vb1,vt0,vt1	-
PgDiffSpecSSSNormFP_pl	0x67A2CC6E	PgDiffSpecSSSNormFP_pl.sho	pixel	pixel	1	none1,r2vb1,vt1	-
PgDiffSpecSSSNormFP_pl_sl	0x9A4CF808	PgDiffSpecSSSNormFP_pl_sl.sho	pixel	pixel	3	none1,r2vb1,vt1	-
PgDiffSpecSSSNormFP_sl	0xB1BC06A3	PgDiffSpecSSSNormFP_sl.sho	pixel	pixel	2	none1,r2vb1,vt1	-
PgDiffSpecSSSNormRimFP	0x83B06225	PgDiffSpecSSSNormRimFP.sho	pixel	pixel	0	none0,none1,r2vb0,r2vb1,vt0,vt1	-
PgDiffSpecSSSNormRimFP_pl	0xC0398DF0	PgDiffSpecSSSNormRimFP_pl.sho	pixel	pixel	1	none1,r2vb1,vt1	-
PgDiffSpecSSSNormRimFP_pl_sl	0xE1899416	PgDiffSpecSSSNormRimFP_pl_sl.sho	pixel	pixel	3	none1,r2vb1,vt1	-
PgDiffSpecSSSNormRimFP_sl	0xB5B66619	PgDiffSpecSSSNormRimFP_sl.sho	pixel	pixel	2	none1,r2vb1,vt1	-
PgDiffSpecSSSRimFP	0xD765FE33	PgDiffSpecSSSRimFP.sho	pixel	pixel	0	none0,none1,r2vb0,r2vb1,vt0,vt1	-
PgDiffSpecSSSRimFP_pl	0xF622CE96	PgDiffSpecSSSRimFP_pl.sho	pixel	pixel	1	none1,r2vb1,vt1	-
PgDiffSpecSSSRimFP_pl_sl	0x86163FC0	PgDiffSpecSSSRimFP_pl_sl.sho	pixel	pixel	3	none1,r2vb1,vt1	-
PgDiffSpecSSSRimFP_sl	0x1E111F4B	PgDiffSpecSSSRimFP_sl.sho	pixel	pixel	2	none1,r2vb1,vt1	-
PgDiffuseFP	0x7CCBEC4E	PgDiffuseFP.sho	pixel	pixel	0	none0,none1,r2vb0,r2vb1,vt0,vt1	-
PgDownSampleFP	0x4355EA76	PgDownSampleFP.sho	pixel	down_sample_pixel	0	none0,none1,r2vb0,r2vb1,vt0,vt1	-
PgDownSampleFP2	0x5C2C671C	PgDownSampleFP2.sho	pixel	pixel	0	none0,none1,r2vb0,r2vb1,vt0,vt1	-
PgDownSampleFP3	0x562E9C41	PgDownSampleFP3.sho	pixel	pixel	0	none0,none1,r2vb0,r2vb1,vt0,vt1	-
PgExpAvgLuminanceFP	0x1B63F813	PgExpAvgLuminanceFP.sho	pixel	down_sample_pixel	0	none0,none1,r2vb0,r2vb1,vt0,vt1	-
PgFastFP	0x7EBC162E	PgFastFP.sho	pixel	pixel	0	none0,none1,r2vb0,r2vb1,vt0,vt1	-
PgFastFP_pl	0xA409E551	PgFastFP_pl.sho	pixel	pixel	1	none1,r2vb1,vt1	-
PgFastFP_pl_sl	0x2BCCC5BD	PgFastFP_pl_sl.sho	pixel	pixel	3	none1,r2vb1,vt1	-
PgFastFP_sl	0x2E3E24C8	PgFastFP_sl.sho	pixel	pixel	2	none1,r2vb1,vt1	-
PgFXFP	0x3EC88CAE	PgFXFP.sho	pixel	fx_pixel	0	none0,none1,r2vb0,r2vb1,vt0,vt1	-
PgFXFPR	0x58DB38E4	PgFXFPR.sho	pixel	fx_pixel	0	none0,none1,r2vb0,r2vb1,vt0,vt1	-
PgFXVP	0xEC45D9FE	PgFXVP.sho	vertex	fx_vertex	0	none0,none1,r2vb0,r2vb1,vt0,vt1	shader3.bin=0.0+2.0+10.0+5.0+5.1;shader3Low.bin=0.0+2.0+10.0+5.0+5.1
PgFXVPR	0xC56B9FB4	PgFXVPR.sho	vertex	fx_vertex	0	none0,none1,r2vb0,r2vb1,vt0,vt1	shader3.bin=0.0+2.0+10.0+5.1;shader3Low.bin=0.0+2.0+10.0+5.1
PgHDRFlareFP	0x4CAEC442	PgHDRFlareFP.sho	pixel	hdr_flare_pixel	0	none0,none1,r2vb0,r2vb1,vt0,vt1	-
PgLogLuminanceFP	0x42790A44	PgLogLuminanceFP.sho	pixel	pixel	0	none0,none1,r2vb0,r2vb1,vt0,vt1	-
PgLowResTerrainVP	0x1A98255B	PgLowResTerrainVP.sho	vertex	vertex	0	none0,none1,r2vb0,r2vb1,vt0,vt1	shader3.bin=0.0+3.0;shader3Low.bin=0.0+3.0
PgLtiDebugZPassFP	0xE26C3BE7	PgLtiDebugZPassFP.sho	pixel	pixel	0	none0,none1,r2vb0,r2vb1,vt0,vt1	-
PgLtiTerrainShadowVP	0xDBFD901C	PgLtiTerrainShadowVP.sho	vertex	vertex	0	none0,none1,r2vb0,r2vb1,vt0,vt1	shader3.bin=0.0;shader3Low.bin=0.0
PgMeshAmbientWindShadowVP	0xF971E10F	PgMeshShadowVP.sho	vertex	vertex	0	none0,none1,r2vb0,r2vb1	shader3.bin=0.0;shader3Low.bin=0.0
PgMeshAmbientWindShadowVP	0xF971E10F	PgMeshShadowVPAmbientWind.sho	vertex	vertex	0	vt0,vt1	shader3.bin=0.0;shader3Low.bin=0.0
PgMeshAmbientWindVP	0xFD982263	PgMeshVP.sho	vertex	vertex	0	none0,none1,r2vb0,r2vb1	shader3.bin=0.0+10.0+5.0+3.0+6.0;shader3Low.bin=0.0+10.0+5.0+3.0+6.0
PgMeshAmbientWindVP	0xFD982263	PgMeshVPAmbientWind.sho	vertex	vertex	0	vt0,vt1	shader3.bin=0.0+10.0+5.0+3.0+6.0;shader3Low.bin=0.0+10.0+5.0+3.0+6.0
PgMeshCombiner	0x777C802E	PgMeshCombiner.sho	vertex	mesh_combiner_vertex	0	none0,none1,r2vb0,r2vb1,vt0,vt1	shader3.bin=0.0+5.0+3.0+2.0;shader3Low.bin=0.0+5.0+3.0+2.0
PgMeshMorphNoColorVP	0x44C28B73	PgMeshVPMorphNoColor.sho	vertex	vertex	0	none0,none1,r2vb0,r2vb1,vt0,vt1	shader3.bin=0.0+5.0+3.0+6.0+5.1+5.2+5.3+5.4+5.5+5.6;shader3Low.bin=0.0+5.0+3.0+6.0+5.1+5.2+5.3+5.4+5.5+5.6
PgMeshMorphNoTangentNoColorVP	0x0C2CA1D1	PgMeshVPMorphNoTangentNoColor.sho	vertex	vertex	0	none0,none1,r2vb0,r2vb1,vt0,vt1	shader3.bin=0.0+5.0+3.0+5.1+5.2+5.3+5.4+5.5+5.6;shader3Low.bin=0.0+5.0+3.0+5.1+5.2+5.3+5.4+5.5+5.6
PgMeshMorphNoTangentVP	0x3F358C05	PgMeshVPMorphNoTangent.sho	vertex	vertex	0	none0,none1,r2vb0,r2vb1,vt0,vt1	shader3.bin=0.0+10.0+5.0+3.0+5.1+5.2+5.3+5.4+5.5+5.6;shader3Low.bin=0.0+10.0+5.0+3.0+5.1+5.2+5.3+5.4+5.5+5.6
PgMeshMorphShadowVP	0x15F18AB7	PgMeshShadowVPMorph.sho	vertex	vertex	0	none0,none1,r2vb0,r2vb1,vt0,vt1	shader3.bin=0.0+5.1+5.2+5.3+5.4+5.5+5.6;shader3Low.bin=0.0+5.1+5.2+5.3+5.4+5.5+5.6
PgMeshMorphTexShadowVP	0x54B0FF1E	PgMeshShadowVPMorphTex.sho	vertex	vertex	0	none0,none1,r2vb0,r2vb1,vt0,vt1	shader3.bin=0.0+5.0+5.1+5.2+5.3+5.4+5.5+5.6;shader3Low.bin=0.0+5.0+5.1+5.2+5.3+5.4+5.5+5.6
PgMeshMorphVP	0x47D84E8B	PgMeshVPMorph.sho	vertex	vertex	0	none0,none1,r2vb0,r2vb1,vt0,vt1	shader3.bin=0.0+10.0+5.0+3.0+6.0+5.1+5.2+5.3+5.4+5.5+5.6;shader3Low.bin=0.0+10.0+5.0+3.0+6.0+5.1+5.2+5.3+5.4+5.5+5.6
PgMeshNoColorAmbientWindVP	0x668D392B	PgMeshVPAmbientWindNoColor.sho	vertex	vertex	0	vt0,vt1	shader3.bin=0.0+5.0+3.0+6.0;shader3Low.bin=0.0+5.0+3.0+6.0
PgMeshNoColorAmbientWindVP	0x668D392B	PgMeshVPNoColor.sho	vertex	vertex	0	none0,none1,r2vb0,r2vb1	shader3.bin=0.0+5.0+3.0+6.0;shader3Low.bin=0.0+5.0+3.0+6.0
PgMeshNoColorVP	0x79F4CCB3	PgMeshVPNoColor.sho	vertex	vertex	0	none0,none1,r2vb0,r2vb1,vt0,vt1	shader3.bin=0.0+5.0+3.0+6.0;shader3Low.bin=0.0+5.0+3.0+6.0
PgMeshNoTangentAmbientWindVP	0x6783C8A9	PgMeshVPAmbientWindNoTangent.sho	vertex	vertex	0	vt0,vt1	shader3.bin=0.0+10.0+5.0+3.0;shader3Low.bin=0.0+10.0+5.0+3.0
PgMeshNoTangentAmbientWindVP	0x6783C8A9	PgMeshVPNoTangent.sho	vertex	vertex	0	none0,none1,r2vb0,r2vb1	shader3.bin=0.0+10.0+5.0+3.0;shader3Low.bin=0.0+10.0+5.0+3.0
PgMeshNoTangentNoColorAmbientWindVP	0x9D172265	PgMeshVPAmbientWindNoTangentNoColor.sho	vertex	vertex	0	vt0,vt1	shader3.bin=0.0+5.0+3.0;shader3Low.bin=0.0+5.0+3.0
PgMeshNoTangentNoColorAmbientWindVP	0x9D172265	PgMeshVPNoTangentNoColor.sho	vertex	vertex	0	none0,none1,r2vb0,r2vb1	shader3.bin=0.0+5.0+3.0;shader3Low.bin=0.0+5.0+3.0
PgMeshNoTangentNoColorVP	0x35957B11	PgMeshVPNoTangentNoColor.sho	vertex	vertex	0	none0,none1,r2vb0,r2vb1,vt0,vt1	shader3.bin=0.0+5.0+3.0;shader3Low.bin=0.0+5.0+3.0
PgMeshNoTangentVP	0x7B153245	PgMeshVPNoTangent.sho	vertex	vertex	0	none0,none1,r2vb0,r2vb1,vt0,vt1	shader3.bin=0.0+10.0+5.0+3.0;shader3Low.bin=0.0+10.0+5.0+3.0
PgMeshRefractMorphVP	0xE293D11A	PgMeshRefractVPMorph.sho	vertex	vertex	0	none0,none1,r2vb0,r2vb1,vt0,vt1	shader3.bin=0.0+3.0+5.0+6.0+5.1+5.2+5.3+5.4+5.5+5.6;shader3Low.bin=0.0+3.0+5.0+6.0+5.1+5.2+5.3+5.4+5.5+5.6
PgMeshRefractNoTangentVP	0x36900604	PgMeshRefractVPNoTangent.sho	vertex	vertex	0	none0,none1,r2vb0,r2vb1,vt0,vt1	shader3.bin=0.0+3.0;shader3Low.bin=0.0+3.0
PgMeshRefractVP	0x03F6D1F8	PgMeshRefractVP.sho	vertex	vertex	0	none0,none1,r2vb0,r2vb1,vt0,vt1	shader3.bin=0.0+3.0+5.0+6.0;shader3Low.bin=0.0+3.0+5.0+6.0
PgMeshRefractVPMorphNoTangent	0xFA7D786E	PgMeshRefractVPMorphNoTangent.sho	vertex	vertex	0	none0,none1,r2vb0,r2vb1,vt0,vt1	shader3.bin=0.0+3.0+5.1+5.2+5.3+5.4+5.5+5.6;shader3Low.bin=0.0+3.0+5.1+5.2+5.3+5.4+5.5+5.6
PgMeshShadowVP	0xA9EA4CF7	PgMeshShadowVP.sho	vertex	vertex	0	none0,none1,r2vb0,r2vb1,vt0,vt1	shader3.bin=0.0;shader3Low.bin=0.0
PgMeshTexAmbientWindShadowVP	0xB45C5A90	PgMeshShadowVPTex.sho	vertex	vertex	0	none0,none1,r2vb0,r2vb1	shader3.bin=0.0+5.0;shader3Low.bin=0.0+5.0
PgMeshTexAmbientWindShadowVP	0xB45C5A90	PgMeshShadowVPTexAmbientWind.sho	vertex	vertex	0	vt0,vt1	shader3.bin=0.0+5.0;shader3Low.bin=0.0+5.0
PgMeshTexShadowVP	0x3B33AA5E	PgMeshShadowVPTex.sho	vertex	vertex	0	none0,none1,r2vb0,r2vb1,vt0,vt1	shader3.bin=0.0+5.0;shader3Low.bin=0.0+5.0
PgMeshTinyShadowTexVP	0x8239633C	PgMeshTinyShadowVPTex.sho	vertex	vertex	0	none0,none1,r2vb0,r2vb1,vt0,vt1	shader3.bin=0.0+5.0;shader3Low.bin=0.0+5.0
PgMeshTinyShadowTexVP_Ruin	0x2B874075	PgMeshTinyShadowVP_RuinTex.sho	vertex	vertex	0	none0,none1,r2vb0,r2vb1,vt0,vt1	shader3.bin=0.0+5.0;shader3Low.bin=0.0+5.0
PgMeshTinyShadowVP	0xC4D56BD5	PgMeshTinyShadowVP.sho	vertex	vertex	0	none0,none1,r2vb0,r2vb1,vt0,vt1	shader3.bin=0.0;shader3Low.bin=0.0
PgMeshTinyShadowVP_Ruin	0xBA1097D6	PgMeshTinyShadowVP_Ruin.sho	vertex	vertex	0	none0,none1,r2vb0,r2vb1,vt0,vt1	shader3.bin=0.0;shader3Low.bin=0.0
PgMeshTinyVP	0xCFF199A5	PgMeshTinyVP.sho	vertex	vertex	0	none0,none1,r2vb0,r2vb1,vt0,vt1	shader3.bin=0.0+5.0+3.0;shader3Low.bin=0.0+5.0+3.0
PgMeshTinyVP_Ruin	0x1A8E1E26	PgMeshTinyVP_Ruin.sho	vertex	vertex	0	none0,none1,r2vb0,r2vb1,vt0,vt1	shader3.bin=0.0+5.0+3.0;shader3Low.bin=0.0+5.0+3.0
PgMeshVP	0xDC351FCB	PgMeshVP.sho	vertex	vertex	0	none0,none1,r2vb0,r2vb1,vt0,vt1	shader3.bin=0.0+10.0+5.0+3.0+6.0;shader3Low.bin=0.0+10.0+5.0+3.0+6.0
PgMeshVPFast	0x98D686E5	PgMeshVPFast.sho	vertex	vertex	0	none0,none1,r2vb0,r2vb1,vt0,vt1	shader3.bin=0.0+5.0+3.0;shader3Low.bin=0.0+5.0+3.0
PgMeshVPFastAmbientWind	0xA591DE9D	PgMeshVPAmbientWindFast.sho	vertex	vertex	0	vt0,vt1	shader3.bin=0.0+5.0+3.0;shader3Low.bin=0.0+5.0+3.0
PgMeshVPFastAmbientWind	0xA591DE9D	PgMeshVPFast.sho	vertex	vertex	0	none0,none1,r2vb0,r2vb1	shader3.bin=0.0+5.0+3.0;shader3Low.bin=0.0+5.0+3.0
PgOcclusionVP	0x8C78648F	PgOcclusionVP.sho	vertex	vertex	0	none0,none1,r2vb0,r2vb1,vt0,vt1	shader3.bin=0.0;shader3Low.bin=0.0
PgRainFP	0x51FA8F6E	PgRainFP.sho	pixel	rain_pixel	0	none0,none1,r2vb0,r2vb1,vt0,vt1	-
PgRainVP	0x01F245BE	PgRainVP.sho	vertex	rain_vertex	0	none0,none1,r2vb0,r2vb1,vt0,vt1	shader3.bin=0.0;shader3Low.bin=0.0
PgRibbonFP	0xAB0B8AA4	PgDiffuseFP.sho	pixel	ribbon_pixel	0	none0,none1,r2vb0,r2vb1,vt0,vt1	-
PgRibbonVP	0x98893CB4	Pg3DVP.sho	vertex	ribbon_vertex	0	none0,none1,r2vb0,r2vb1,vt0,vt1	shader3.bin=0.0+5.0+10.0;shader3Low.bin=0.0+5.0+10.0
PgRoadShadowVP	0x3EA220DE	PgRoadShadowVP.sho	vertex	road_vertex	0	none0,none1,r2vb0,r2vb1,vt0,vt1	shader3.bin=0.0+5.0+5.4;shader3Low.bin=0.0+5.0+5.4
PgRoadVP	0xA2248A9E	PgRoadVP.sho	vertex	road_vertex	0	none0,none1,r2vb0,r2vb1,vt0,vt1	shader3.bin=0.0+5.0+3.0+6.0+5.4+10.0;shader3Low.bin=0.0+5.0+3.0+6.0+5.4+10.0
PgScaleformCxformTexMultiplyFP	0x8607BE6E	PgScaleformCxformTexMultiplyFP.sho	pixel	scaleform_cxform_pixel	0	none0,none1,r2vb0,r2vb1,vt0,vt1	-
PgScaleformGlyphVP	0x6C29968A	PgScaleformGlyphVP.sho	vertex	scaleform_glyph_vertex	0	none0,none1,r2vb0,r2vb1,vt0,vt1	shader3.bin=0.0+5.0;shader3Low.bin=0.0+5.0
PgScaleformSolidColorFP	0xC689673A	PgScaleformSolidColorFP.sho	pixel	scaleform_solid_color_pixel	0	none0,none1,r2vb0,r2vb1,vt0,vt1	-
PgScaleformStripFP	0xD0C82F5A	PgScaleformStripFP.sho	pixel	scaleform_strip_pixel	0	none0,none1,r2vb0,r2vb1,vt0,vt1	-
PgScaleformStripVP	0x7E457CAA	PgScaleformStripVP.sho	vertex	scaleform_strip_vertex	0	none0,none1,r2vb0,r2vb1,vt0,vt1	shader3.bin=0.0;shader3Low.bin=0.0
PgScaleformTextTextureFP	0x2EFBE552	PgScaleformTextTextureFP.sho	pixel	scaleform_text_texture_pixel	0	none0,none1,r2vb0,r2vb1,vt0,vt1	-
PgScrubLightFP	0xC3003973	PgScrubLightFP.sho	pixel	pixel	0	none0,none1,r2vb0,r2vb1,vt0,vt1	-
PgScrubLightFP_pl	0x19F64CD6	PgScrubLightFP_pl.sho	pixel	pixel	1	none1,r2vb1,vt1	-
PgScrubLightFP_pl_sl	0x77D61400	PgScrubLightFP_pl_sl.sho	pixel	pixel	3	none1,r2vb1,vt1	-
PgScrubLightFP_sl	0x41E49D8B	PgScrubLightFP_sl.sho	pixel	pixel	2	none1,r2vb1,vt1	-
PgScrubLightVP	0x32F78B03	PgScrubLightVP.sho	vertex	scrub_vertex	0	vt0,vt1	shader3.bin=0.0+5.0+3.0;shader3Low.bin=0.0+5.0+3.0
PgScrubLightVP	0x32F78B03	PgScrubLightVP_NVT.sho	vertex	scrub_vertex	0	none0,none1,r2vb0,r2vb1	shader3.bin=0.0+5.0+3.0;shader3Low.bin=0.0+5.0+3.0
PgScrubLightVP_ShearVertically	0x046B6322	PgScrubLightVPShear.sho	vertex	scrub_vertex	0	vt0,vt1	shader3.bin=0.0+5.0+3.0;shader3Low.bin=0.0+5.0+3.0
PgScrubLightVP_ShearVertically	0x046B6322	PgScrubLightVPShear_NVT.sho	vertex	scrub_vertex	0	none0,none1,r2vb0,r2vb1	shader3.bin=0.0+5.0+3.0;shader3Low.bin=0.0+5.0+3.0
PgScrubNoColorVP	0x3B50F6C9	PgScrubVPNoColor.sho	vertex	scrub_vertex	0	none0,none1,r2vb0,r2vb1,vt0,vt1	shader3.bin=0.0+5.0+3.0+6.0;shader3Low.bin=0.0+5.0+3.0+6.0
PgScrubNoColorVP_ShearVertically	0xDC5B9A20	PgScrubVPShearNoColor.sho	vertex	scrub_vertex	0	none0,none1,r2vb0,r2vb1,vt0,vt1	shader3.bin=0.0+5.0+3.0+6.0;shader3Low.bin=0.0+5.0+3.0+6.0
PgScrubNoTangentNoColorVP	0x79C2C46F	PgScrubVPNoTangentNoColor.sho	vertex	scrub_vertex	0	none0,none1,r2vb0,r2vb1,vt0,vt1	shader3.bin=0.0+5.0+3.0;shader3Low.bin=0.0+5.0+3.0
PgScrubNoTangentNoColorVP_ShearVertically	0x8176CD06	PgScrubVPShearNoTangentNoColor.sho	vertex	scrub_vertex	0	none0,none1,r2vb0,r2vb1,vt0,vt1	shader3.bin=0.0+5.0+3.0;shader3Low.bin=0.0+5.0+3.0
PgScrubNoTangentVP	0x1FFD4E77	PgScrubVPNoTangent.sho	vertex	scrub_vertex	0	none0,none1,r2vb0,r2vb1,vt0,vt1	shader3.bin=0.0+5.0+3.0;shader3Low.bin=0.0+5.0+3.0
PgScrubNoTangentVP_ShearVertically	0xD52C1DAE	PgScrubVPShearNoTangent.sho	vertex	scrub_vertex	0	none0,none1,r2vb0,r2vb1,vt0,vt1	shader3.bin=0.0+5.0+3.0;shader3Low.bin=0.0+5.0+3.0
PgScrubVP	0x4314717D	PgScrubVP.sho	vertex	scrub_vertex	0	none0,none1,r2vb0,r2vb1,vt0,vt1	shader3.bin=0.0+5.0+3.0+6.0;shader3Low.bin=0.0+5.0+3.0+6.0
PgScrubVP_ShearVertically	0x440F026C	PgScrubVPShear.sho	vertex	scrub_vertex	0	none0,none1,r2vb0,r2vb1,vt0,vt1	shader3.bin=0.0+5.0+3.0+6.0;shader3Low.bin=0.0+5.0+3.0+6.0
PgShadowFP	0x1BEABC30	PgShadowFP.sho	pixel	pixel	0	none0,none1,r2vb0,r2vb1,vt0,vt1	-
PgShadowFP_Z	0x29C664CF	PgShadowFP_Z.sho	pixel	pixel	0	none0,none1,r2vb0,r2vb1,vt0,vt1	-
PgShadowTextureAlphaFP	0x24438407	PgShadowTextureAlphaFP.sho	pixel	pixel	0	none0,none1,r2vb0,r2vb1,vt0,vt1	-
PgShadowTextureAlphaFP_ZA	0x20E900FD	PgShadowTextureAlphaFP_ZA.sho	pixel	pixel	0	none0,none1,r2vb0,r2vb1,vt0,vt1	-
PgShadowTextureAlphaFP_ZABB	0x12CFB63D	PgShadowTextureAlphaFP_ZABB.sho	pixel	pixel	0	none0,none1,r2vb0,r2vb1,vt0,vt1	-
PgShimmerFP	0xF62A4D65	PgShimmerFP.sho	pixel	shimmer_pixel	0	none0,none1,r2vb0,r2vb1,vt0,vt1	-
PgSkin1AmbientWindNoColorVP	0xC15AE3E4	PgLtiSkin1AmbientWindVPNoColor.sho	vertex	vertex	0	none0,none1,r2vb0,r2vb1,vt0,vt1	shader3.bin=0.0+3.0+6.0+5.0+2.0;shader3Low.bin=0.0+3.0+6.0+5.0+2.0
PgSkin1AmbientWindNoTangentNoColorVP	0x8B789D00	PgLtiSkin1AmbientWindVPNoTangentNoColor.sho	vertex	vertex	0	none0,none1,r2vb0,r2vb1,vt0,vt1	shader3.bin=0.0+3.0+5.0+2.0;shader3Low.bin=0.0+3.0+5.0+2.0
PgSkin1AmbientWindNoTangentVP	0xC5DADBB2	PgLtiSkin1AmbientWindVPNoTangent.sho	vertex	vertex	0	none0,none1,r2vb0,r2vb1,vt0,vt1	shader3.bin=0.0+10.0+3.0+5.0+2.0;shader3Low.bin=0.0+10.0+3.0+5.0+2.0
PgSkin1AmbientWindVP	0x77DB8DC6	PgLtiSkin1AmbientWindVP.sho	vertex	vertex	0	none0,none1,r2vb0,r2vb1,vt0,vt1	shader3.bin=0.0+10.0+3.0+6.0+5.0+2.0;shader3Low.bin=0.0+10.0+3.0+6.0+5.0+2.0
PgSkin1MorphNoColorVP	0x4BD16D0C	PgLtiSkin1VPMorphNoColor.sho	vertex	vertex	0	none0,none1,r2vb0,r2vb1,vt0,vt1	shader3.bin=0.0+3.0+6.0+5.0+2.0+5.1+5.2+5.3+5.4+5.5+5.6;shader3Low.bin=0.0+3.0+6.0+5.0+2.0+5.1+5.2+5.3+5.4+5.5+5.6
PgSkin1MorphNoTangentNoColorVP	0x9B165DF8	PgLtiSkin1VPMorphNoTangentNoColor.sho	vertex	vertex	0	none0,none1,r2vb0,r2vb1,vt0,vt1	shader3.bin=0.0+3.0+5.0+2.0+5.1+5.2+5.3+5.4+5.5+5.6;shader3Low.bin=0.0+3.0+5.0+2.0+5.1+5.2+5.3+5.4+5.5+5.6
PgSkin1MorphNoTangentVP	0x35298A6A	PgLtiSkin1VPMorphNoTangent.sho	vertex	vertex	0	none0,none1,r2vb0,r2vb1,vt0,vt1	shader3.bin=0.0+10.0+3.0+5.0+2.0+5.1+5.2+5.3+5.4+5.5+5.6;shader3Low.bin=0.0+10.0+3.0+5.0+2.0+5.1+5.2+5.3+5.4+5.5+5.6
PgSkin1MorphShadowVP	0x40ED136E	PgLtiSkin1ShadowVPMorph.sho	vertex	vertex	0	none0,none1,r2vb0,r2vb1,vt0,vt1	shader3.bin=0.0+2.0+5.1+5.2+5.3+5.4+5.5+5.6;shader3Low.bin=0.0+2.0+5.1+5.2+5.3+5.4+5.5+5.6
PgSkin1MorphTexShadowVP	0x70B03F65	PgLtiSkin1ShadowVPMorphTex.sho	vertex	vertex	0	none0,none1,r2vb0,r2vb1,vt0,vt1	shader3.bin=0.0+5.0+2.0+5.1+5.2+5.3+5.4+5.5+5.6;shader3Low.bin=0.0+5.0+2.0+5.1+5.2+5.3+5.4+5.5+5.6
PgSkin1MorphVP	0x0830D76E	PgLtiSkin1VPMorph.sho	vertex	vertex	0	none0,none1,r2vb0,r2vb1,vt0,vt1	shader3.bin=0.0+10.0+3.0+6.0+5.0+2.0+5.1+5.2+5.3+5.4+5.5+5.6;shader3Low.bin=0.0+10.0+3.0+6.0+5.0+2.0+5.1+5.2+5.3+5.4+5.5+5.6
PgSkin1NoColorVP	0xE58EE326	PgLtiSkin1VPNoColor.sho	vertex	vertex	0	none0,none1,r2vb0,r2vb1,vt0,vt1	shader3.bin=0.0+3.0+6.0+5.0+2.0;shader3Low.bin=0.0+3.0+6.0+5.0+2.0
PgSkin1NoTangentNoColorVP	0xB0F7412A	PgLtiSkin1VPNoTangentNoColor.sho	vertex	vertex	0	none0,none1,r2vb0,r2vb1,vt0,vt1	shader3.bin=0.0+3.0+5.0+2.0;shader3Low.bin=0.0+3.0+5.0+2.0
PgSkin1NoTangentVP	0x4653E7C8	PgLtiSkin1VPNoTangent.sho	vertex	vertex	0	none0,none1,r2vb0,r2vb1,vt0,vt1	shader3.bin=0.0+10.0+3.0+5.0+2.0;shader3Low.bin=0.0+10.0+3.0+5.0+2.0
PgSkin1ShadowAmbientWindVP	0xF3C0555A	PgLtiSkin1ShadowVPAmbientWind.sho	vertex	vertex	0	none0,none1,r2vb0,r2vb1,vt0,vt1	shader3.bin=0.0+2.0;shader3Low.bin=0.0+2.0
PgSkin1ShadowTexAmbientWindVP	0x8D8B2F0B	PgLtiSkin1ShadowVPTexAmbientWind.sho	vertex	vertex	0	none0,none1,r2vb0,r2vb1,vt0,vt1	shader3.bin=0.0+5.0+2.0;shader3Low.bin=0.0+5.0+2.0
PgSkin1ShadowVP	0xD574A688	PgLtiSkin1ShadowVP.sho	vertex	vertex	0	none0,none1,r2vb0,r2vb1,vt0,vt1	shader3.bin=0.0+2.0;shader3Low.bin=0.0+2.0
PgSkin1TexShadowVP	0xE97A78DB	PgLtiSkin1ShadowVPTex.sho	vertex	vertex	0	none0,none1,r2vb0,r2vb1,vt0,vt1	shader3.bin=0.0+5.0+2.0;shader3Low.bin=0.0+5.0+2.0
PgSkin1VP	0x2AC37CD4	PgLtiSkin1VP.sho	vertex	vertex	0	none0,none1,r2vb0,r2vb1,vt0,vt1	shader3.bin=0.0+10.0+3.0+6.0+5.0+2.0;shader3Low.bin=0.0+10.0+3.0+6.0+5.0+2.0
PgSkinAmbientWindShadowVP	0x46A041AB	PgSkinShadowVP.sho	vertex	vertex	0	none0,none1,r2vb0,r2vb1	shader3.bin=0.0+2.0+1.0;shader3Low.bin=0.0+2.0+1.0
PgSkinAmbientWindShadowVP	0x46A041AB	PgSkinShadowVPAmbientWind.sho	vertex	vertex	0	vt0,vt1	shader3.bin=0.0+2.0+1.0;shader3Low.bin=0.0+2.0+1.0
PgSkinAmbientWindVP	0x517A1957	PgSkinVP.sho	vertex	vertex	0	none0,none1,r2vb0,r2vb1	shader3.bin=0.0+10.0+3.0+6.0+5.0+2.0+1.0;shader3Low.bin=0.0+10.0+3.0+6.0+5.0+2.0+1.0
PgSkinAmbientWindVP	0x517A1957	PgSkinVPAmbientWind.sho	vertex	vertex	0	vt0,vt1	shader3.bin=0.0+10.0+3.0+6.0+5.0+2.0+1.0;shader3Low.bin=0.0+10.0+3.0+6.0+5.0+2.0+1.0
PgSkinMorphNoColorVP	0x22BC2FEF	PgSkinVPMorphNoColor.sho	vertex	vertex	0	none0,none1,r2vb0,r2vb1,vt0,vt1	shader3.bin=0.0+3.0+6.0+5.0+2.0+1.0+5.1+5.2+5.3+5.4+5.5+5.6;shader3Low.bin=0.0+3.0+6.0+5.0+2.0+1.0+5.1+5.2+5.3+5.4+5.5+5.6
PgSkinMorphNoTangentNoColorVP	0x0FB52B85	PgSkinVPMorphNoTangentNoColor.sho	vertex	vertex	0	none0,none1,r2vb0,r2vb1,vt0,vt1	shader3.bin=0.0+3.0+5.0+2.0+1.0+5.1+5.2+5.3+5.4+5.5+5.6;shader3Low.bin=0.0+3.0+5.0+2.0+1.0+5.1+5.2+5.3+5.4+5.5+5.6
PgSkinMorphNoTangentVP	0x60040CC9	PgSkinVPMorphNoTangent.sho	vertex	vertex	0	none0,none1,r2vb0,r2vb1,vt0,vt1	shader3.bin=0.0+10.0+3.0+5.0+2.0+1.0+5.1+5.2+5.3+5.4+5.5+5.6;shader3Low.bin=0.0+10.0+3.0+5.0+2.0+1.0+5.1+5.2+5.3+5.4+5.5+5.6
PgSkinMorphShadowVP	0x610400CB	PgSkinShadowVPMorph.sho	vertex	vertex	0	none0,none1,r2vb0,r2vb1,vt0,vt1	shader3.bin=0.0+2.0+1.0+5.1+5.2+5.3+5.4+5.5+5.6;shader3Low.bin=0.0+2.0+1.0+5.1+5.2+5.3+5.4+5.5+5.6
PgSkinMorphTexShadowVP	0xA2432A1A	PgSkinShadowVPMorphTex.sho	vertex	vertex	0	none0,none1,r2vb0,r2vb1,vt0,vt1	shader3.bin=0.0+5.0+2.0+1.0+5.1+5.2+5.3+5.4+5.5+5.6;shader3Low.bin=0.0+5.0+2.0+1.0+5.1+5.2+5.3+5.4+5.5+5.6
PgSkinMorphVP	0x816EB8F7	PgSkinVPMorph.sho	vertex	vertex	0	none0,none1,r2vb0,r2vb1,vt0,vt1	shader3.bin=0.0+10.0+3.0+6.0+5.0+2.0+1.0+5.1+5.2+5.3+5.4+5.5+5.6;shader3Low.bin=0.0+10.0+3.0+6.0+5.0+2.0+1.0+5.1+5.2+5.3+5.4+5.5+5.6
PgSkinNoColorAmbientWindVP	0xB6DAC6EF	PgSkinVPAmbientWindNoColor.sho	vertex	vertex	0	vt0,vt1	shader3.bin=0.0+3.0+6.0+5.0+2.0+1.0;shader3Low.bin=0.0+3.0+6.0+5.0+2.0+1.0
PgSkinNoColorAmbientWindVP	0xB6DAC6EF	PgSkinVPNoColor.sho	vertex	vertex	0	none0,none1,r2vb0,r2vb1	shader3.bin=0.0+3.0+6.0+5.0+2.0+1.0;shader3Low.bin=0.0+3.0+6.0+5.0+2.0+1.0
PgSkinNoColorVP	0xB2677DD7	PgSkinVPNoColor.sho	vertex	vertex	0	none0,none1,r2vb0,r2vb1,vt0,vt1	shader3.bin=0.0+3.0+6.0+5.0+2.0+1.0;shader3Low.bin=0.0+3.0+6.0+5.0+2.0+1.0
PgSkinNoTangentAmbientWindVP	0x46AE9815	PgSkinVPAmbientWindNoTangent.sho	vertex	vertex	0	vt0,vt1	shader3.bin=0.0+10.0+3.0+5.0+2.0+1.0;shader3Low.bin=0.0+10.0+3.0+5.0+2.0+1.0
PgSkinNoTangentAmbientWindVP	0x46AE9815	PgSkinVPNoTangent.sho	vertex	vertex	0	none0,none1,r2vb0,r2vb1	shader3.bin=0.0+10.0+3.0+5.0+2.0+1.0;shader3Low.bin=0.0+10.0+3.0+5.0+2.0+1.0
PgSkinNoTangentNoColorAmbientWindVP	0x2AA3EC41	PgSkinVPAmbientWindNoTangentNoColor.sho	vertex	vertex	0	vt0,vt1	shader3.bin=0.0+3.0+5.0+2.0+1.0;shader3Low.bin=0.0+3.0+5.0+2.0+1.0
PgSkinNoTangentNoColorAmbientWindVP	0x2AA3EC41	PgSkinVPNoTangentNoColor.sho	vertex	vertex	0	none0,none1,r2vb0,r2vb1	shader3.bin=0.0+3.0+5.0+2.0+1.0;shader3Low.bin=0.0+3.0+5.0+2.0+1.0
PgSkinNoTangentNoColorVP	0x9C28AE3D	PgSkinVPNoTangentNoColor.sho	vertex	vertex	0	none0,none1,r2vb0,r2vb1,vt0,vt1	shader3.bin=0.0+3.0+5.0+2.0+1.0;shader3Low.bin=0.0+3.0+5.0+2.0+1.0
PgSkinNoTangentVP	0x4E8F3AE1	PgSkinVPNoTangent.sho	vertex	vertex	0	none0,none1,r2vb0,r2vb1,vt0,vt1	shader3.bin=0.0+10.0+3.0+5.0+2.0+1.0;shader3Low.bin=0.0+10.0+3.0+5.0+2.0+1.0
PgSkinRefractMorphVP	0x091E0586	PgSkinRefractVPMorph.sho	vertex	vertex	0	none0,none1,r2vb0,r2vb1,vt0,vt1	shader3.bin=0.0+3.0+6.0+5.0+2.0+1.0+5.1+5.2+5.3+5.4+5.5+5.6;shader3Low.bin=0.0+3.0+6.0+5.0+2.0+1.0+5.1+5.2+5.3+5.4+5.5+5.6
PgSkinRefractNoTangentVP	0x14F32850	PgSkinRefractVPNoTangent.sho	vertex	vertex	0	none0,none1,r2vb0,r2vb1,vt0,vt1	shader3.bin=0.0+3.0+2.0+1.0;shader3Low.bin=0.0+3.0+2.0+1.0
PgSkinRefractVP	0x375F656C	PgSkinRefractVP.sho	vertex	vertex	0	none0,none1,r2vb0,r2vb1,vt0,vt1	shader3.bin=0.0+3.0+6.0+5.0+2.0+1.0;shader3Low.bin=0.0+3.0+6.0+5.0+2.0+1.0
PgSkinRefractVPMorphNoTangent	0xC8798E72	PgSkinRefractVPMorphNoTangent.sho	vertex	vertex	0	none0,none1,r2vb0,r2vb1,vt0,vt1	shader3.bin=0.0+3.0+2.0+1.0+5.1+5.2+5.3+5.4+5.5+5.6;shader3Low.bin=0.0+3.0+2.0+1.0+5.1+5.2+5.3+5.4+5.5+5.6
PgSkinShadowVP	0x0F8FAE93	PgSkinShadowVP.sho	vertex	vertex	0	none0,none1,r2vb0,r2vb1,vt0,vt1	shader3.bin=0.0+2.0+1.0;shader3Low.bin=0.0+2.0+1.0
PgSkinTexAmbientWindShadowVP	0x6884DC24	PgSkinShadowVPTex.sho	vertex	vertex	0	none0,none1,r2vb0,r2vb1	shader3.bin=0.0+5.0+2.0+1.0;shader3Low.bin=0.0+5.0+2.0+1.0
PgSkinTexAmbientWindShadowVP	0x6884DC24	PgSkinShadowVPTexAmbientWind.sho	vertex	vertex	0	vt0,vt1	shader3.bin=0.0+5.0+2.0+1.0;shader3Low.bin=0.0+5.0+2.0+1.0
PgSkinTexShadowVP	0xDD3622C2	PgSkinShadowVPTex.sho	vertex	vertex	0	none0,none1,r2vb0,r2vb1,vt0,vt1	shader3.bin=0.0+5.0+2.0+1.0;shader3Low.bin=0.0+5.0+2.0+1.0
PgSkinVP	0x48845C5F	PgSkinVP.sho	vertex	vertex	0	none0,none1,r2vb0,r2vb1,vt0,vt1	shader3.bin=0.0+10.0+3.0+6.0+5.0+2.0+1.0;shader3Low.bin=0.0+10.0+3.0+6.0+5.0+2.0+1.0
PgSkinVPFast	0xA926B029	PgSkinVPFast.sho	vertex	vertex	0	none0,none1,r2vb0,r2vb1,vt0,vt1	shader3.bin=0.0+3.0+5.0+2.0+1.0;shader3Low.bin=0.0+3.0+5.0+2.0+1.0
PgSkinVPFastAmbientWind	0xB8C0E6E1	PgSkinVPAmbientWindFast.sho	vertex	vertex	0	vt0,vt1	shader3.bin=0.0+3.0+5.0+2.0+1.0;shader3Low.bin=0.0+3.0+5.0+2.0+1.0
PgSkinVPFastAmbientWind	0xB8C0E6E1	PgSkinVPFast.sho	vertex	vertex	0	none0,none1,r2vb0,r2vb1	shader3.bin=0.0+3.0+5.0+2.0+1.0;shader3Low.bin=0.0+3.0+5.0+2.0+1.0
PgSkyFP	0xDAEFC323	PgSkyFP.sho	pixel	sky_pixel	0	none0,none1,r2vb0,r2vb1,vt0,vt1	-
PgSkyReflectFP	0xA88ECE32	PgSkyReflectFP.sho	pixel	pixel	0	none0,none1,r2vb0,r2vb1,vt0,vt1	-
PgSkyVP	0xEAF7A813	PgSkyVP.sho	vertex	sky_vertex	0	none0,none1,r2vb0,r2vb1,vt0,vt1	shader3.bin=0.0;shader3Low.bin=0.0
PgSunFP	0x72686EAE	PgSunFP.sho	pixel	pixel	0	none0,none1,r2vb0,r2vb1,vt0,vt1	-
PgSunVP	0x1FE5BBFE	PgSunVP.sho	vertex	sun_vertex	0	none0,none1,r2vb0,r2vb1,vt0,vt1	shader3.bin=0.0;shader3Low.bin=0.0
PgTerrainMeshFP	0x8E942CB4	PgTerrainMeshFP.sho	pixel	pixel	0	none0,none1,r2vb0,r2vb1,vt0,vt1	-
PgTerrainMeshFP1D	0x4ED507FB	PgTerrainMeshFP1D.sho	pixel	pixel	0	none0,none1,r2vb0,r2vb1,vt0,vt1	-
PgTerrainMeshFP1D_pl	0x9858E2CE	PgTerrainMeshFP1D_pl.sho	pixel	pixel	1	none1,r2vb1,vt1	-
PgTerrainMeshFP1D_pl_sl	0x05D677E8	PgTerrainMeshFP1D_pl_sl.sho	pixel	pixel	3	none1,r2vb1,vt1	-
PgTerrainMeshFP1D_sl	0x62715383	PgTerrainMeshFP1D_sl.sho	pixel	pixel	2	none1,r2vb1,vt1	-
PgTerrainMeshFP2D	0x84E3A6B6	PgTerrainMeshFP2D.sho	pixel	pixel	0	none0,none1,r2vb0,r2vb1,vt0,vt1	-
PgTerrainMeshFP2D_pl	0xEDC4E4C9	PgTerrainMeshFP2D_pl.sho	pixel	pixel	1	none1,r2vb1,vt1	-
PgTerrainMeshFP2D_pl_sl	0x93ACA965	PgTerrainMeshFP2D_pl_sl.sho	pixel	pixel	3	none1,r2vb1,vt1	-
PgTerrainMeshFP2D_sl	0x38487160	PgTerrainMeshFP2D_sl.sho	pixel	pixel	2	none1,r2vb1,vt1	-
PgTerrainMeshFP3D	0xD3CA7331	PgTerrainMeshFP3D.sho	pixel	pixel	0	none0,none1,r2vb0,r2vb1,vt0,vt1	-
PgTerrainMeshFP3D_pl	0x88C7D854	PgTerrainMeshFP3D_pl.sho	pixel	pixel	1	none1,r2vb1,vt1	-
PgTerrainMeshFP3D_pl_sl	0x155FF032	PgTerrainMeshFP3D_pl_sl.sho	pixel	pixel	3	none1,r2vb1,vt1	-
PgTerrainMeshFP3D_sl	0x7DF4FE9D	PgTerrainMeshFP3D_sl.sho	pixel	pixel	2	none1,r2vb1,vt1	-
PgTerrainMeshFP4D	0x93B4ED44	PgTerrainMeshFP4D.sho	pixel	pixel	0	none0,none1,r2vb0,r2vb1,vt0,vt1	-
PgTerrainMeshFP4D_pl	0x312F41D7	PgTerrainMeshFP4D_pl.sho	pixel	pixel	1	none1,r2vb1,vt1	-
PgTerrainMeshFP4D_pl_sl	0x6DAA0B87	PgTerrainMeshFP4D_pl_sl.sho	pixel	pixel	3	none1,r2vb1,vt1	-
PgTerrainMeshFP4D_sl	0x0990A302	PgTerrainMeshFP4D_sl.sho	pixel	pixel	2	none1,r2vb1,vt1	-
PgTerrainMeshFP_pl	0x1765D427	PgTerrainMeshFP_pl.sho	pixel	pixel	1	none1,r2vb1,vt1	-
PgTerrainMeshFP_pl_sl	0xF2846137	PgTerrainMeshFP_pl_sl.sho	pixel	pixel	3	none1,r2vb1,vt1	-
PgTerrainMeshFP_sl	0x2D4D3112	PgTerrainMeshFP_sl.sho	pixel	pixel	2	none1,r2vb1,vt1	-
PgTerrainMeshVP	0xA1167AA4	PgTerrainMeshVP.sho	vertex	terrain_mesh_vertex	0	none0,none1,r2vb0,r2vb1,vt0,vt1	shader3.bin=0.0+3.0+10.0;shader3Low.bin=0.0+3.0+10.0
PgTerrainMeshVP1D	0x16E4944B	PgTerrainMeshVP1D.sho	vertex	terrain_mesh_vertex	0	none0,none1,r2vb0,r2vb1,vt0,vt1	shader3.bin=0.0+3.0+10.0;shader3Low.bin=0.0+3.0+10.0
PgTerrainMeshVP2D	0x4F6D9C06	PgTerrainMeshVP2D.sho	vertex	terrain_mesh_vertex	0	none0,none1,r2vb0,r2vb1,vt0,vt1	shader3.bin=0.0+3.0+10.0;shader3Low.bin=0.0+3.0+10.0
PgTerrainMeshVP3D	0xDDB56981	PgTerrainMeshVP3D.sho	vertex	terrain_mesh_vertex	0	none0,none1,r2vb0,r2vb1,vt0,vt1	shader3.bin=0.0+3.0+10.0;shader3Low.bin=0.0+3.0+10.0
PgTerrainMeshVP4D	0x1E3E7DD4	PgTerrainMeshVP4D.sho	vertex	terrain_mesh_vertex	0	none0,none1,r2vb0,r2vb1,vt0,vt1	shader3.bin=0.0+3.0+10.0;shader3Low.bin=0.0+3.0+10.0
PgToneMappingFP	0x8F41A06E	PgToneMappingFP.sho	pixel	tone_mapping_pixel	0	none0,none1,r2vb0,r2vb1,vt0,vt1	-
PgUnderwaterFP	0x842E19A7	PgUnderwaterFP.sho	pixel	pixel	0	none0,none1,r2vb0,r2vb1,vt0,vt1	-
PgWaterFP	0x029E9939	PgWaterFP.sho	pixel	water_pixel	0	none0,none1,r2vb0,r2vb1,vt0,vt1	-
PgWaterFPDWE	0x57731C0F	PgWaterFPDWE.sho	pixel	water_pixel	0	none0,none1,r2vb0,r2vb1,vt0,vt1	-
PgWaterHeightMapFP	0x3EA08C66	PgWaterHeightMapFP.sho	pixel	water_height_map_pixel	0	none0,none1,r2vb0,r2vb1,vt0,vt1	-
PgWaterHeightMapFP2	0x62F83C4C	PgWaterHeightMapFP2.sho	pixel	water_height_map_pixel	0	none0,none1,r2vb0,r2vb1,vt0,vt1	-
PgWaterHeightMapVP	0x8EA8D616	PgWaterHeightMapVP.sho	vertex	water_wake_vertex	0	none0,none1,r2vb0,r2vb1,vt0,vt1	shader3.bin=0.0+5.0;shader3Low.bin=0.0+5.0
PgWaterVP0	0x5F9E2A93	PgWaterVP0.sho	vertex	water_vertex	0	vt0,vt1	shaderVT.bin=5.0;shaderVTLow.bin=5.0
PgWaterVP0_NVT	0x147925A2	PgWaterVP0_NVT.sho	vertex	water_vertex	0	none0,none1	shader3.bin=5.0;shader3Low.bin=5.0
PgWaterVP0_R2VB	0x3A5EA706	PgWaterVP0_R2VB.sho	vertex	water_vertex	0	r2vb0,r2vb1	shaderR2VB.bin=5.0+5.1+5.2;shaderR2VBLow.bin=5.0+5.1+5.2
PgWaterVP0Occ	0x804A9EF0	PgWaterVP0Occ.sho	vertex	water_vertex	0	vt0,vt1	shaderVT.bin=5.0;shaderVTLow.bin=5.0
PgWaterVP0Occ_NVT	0x53399491	PgWaterVP0Occ_NVT.sho	vertex	water_vertex	0	none0,none1	shader3.bin=5.0;shader3Low.bin=5.0
PgWaterVP0Occ_R2VB	0xADFEDB53	PgWaterVP0Occ_R2VB.sho	vertex	water_vertex	0	r2vb0,r2vb1	shaderR2VB.bin=5.0+5.1+5.2;shaderR2VBLow.bin=5.0+5.1+5.2
PgWaterVP2	0xFFA3A3A1	PgWaterVP2.sho	vertex	water_vertex	0	vt0,vt1	shaderVT.bin=5.0;shaderVTLow.bin=5.0
PgWaterVP2_NVT	0x2E72BD6C	PgWaterVP2_NVT.sho	vertex	water_vertex	0	none0,none1	shader3.bin=5.0;shader3Low.bin=5.0
PgWaterVP2_R2VB	0xEDDF11FC	PgWaterVP2_R2VB.sho	vertex	water_vertex	0	r2vb0,r2vb1	shaderR2VB.bin=5.0+5.1+5.2;shaderR2VBLow.bin=5.0+5.1+5.2
PgWaterVP2Occ	0xF51CD746	PgWaterVP2Occ.sho	vertex	water_vertex	0	vt0,vt1	shaderVT.bin=5.0;shaderVTLow.bin=5.0
PgWaterVP2Occ_NVT	0x84FF2EBB	PgWaterVP2Occ_NVT.sho	vertex	water_vertex	0	none0,none1	shader3.bin=5.0;shader3Low.bin=5.0
PgWaterVP2Occ_R2VB	0xC9C464B1	PgWaterVP2Occ_R2VB.sho	vertex	water_vertex	0	r2vb0,r2vb1	shaderR2VB.bin=5.0+5.1+5.2;shaderR2VBLow.bin=5.0+5.1+5.2
PgWaterVP3	0x85A0A4FC	PgWaterVP3.sho	vertex	water_vertex	0	vt0,vt1	shaderVT.bin=5.0;shaderVTLow.bin=5.0
PgWaterVP3_NVT	0xB7F8EDCD	PgWaterVP3_NVT.sho	vertex	water_vertex	0	none0,none1	shader3.bin=5.0;shader3Low.bin=5.0
PgWaterVP3_R2VB	0xD225C937	PgWaterVP3_R2VB.sho	vertex	water_vertex	0	r2vb0,r2vb1	shaderR2VB.bin=5.0+5.1+5.2;shaderR2VBLow.bin=5.0+5.1+5.2
PgWaterVP3Occ	0xBC8533A9	PgWaterVP3Occ.sho	vertex	water_vertex	0	vt0,vt1	shaderVT.bin=5.0;shaderVTLow.bin=5.0
PgWaterVP3Occ_NVT	0xE6862794	PgWaterVP3Occ_NVT.sho	vertex	water_vertex	0	none0,none1	shader3.bin=5.0;shader3Low.bin=5.0
PgWaterVP3Occ_R2VB	0xE70CE3C4	PgWaterVP3Occ_R2VB.sho	vertex	water_vertex	0	r2vb0,r2vb1	shaderR2VB.bin=5.0+5.1+5.2;shaderR2VBLow.bin=5.0+5.1+5.2
PgWaterVP5	0xE5A5B94A	PgWaterVP5.sho	vertex	water_vertex	0	vt0,vt1	shaderVT.bin=5.0;shaderVTLow.bin=5.0
PgWaterVP5_NVT	0x207007CF	PgWaterVP5_NVT.sho	vertex	water_vertex	0	none0,none1	shader3.bin=5.0;shader3Low.bin=5.0
PgWaterVP5_R2VB	0xA08BD48D	PgWaterVP5_R2VB.sho	vertex	water_vertex	0	r2vb0,r2vb1	shaderR2VB.bin=5.0+5.1+5.2;shaderR2VBLow.bin=5.0+5.1+5.2
PgWaterVP5Occ	0xA360C47F	PgWaterVP5Occ.sho	vertex	water_vertex	0	vt0,vt1	shaderVT.bin=5.0;shaderVTLow.bin=5.0
PgWaterVP5Occ_NVT	0xD65805CE	PgWaterVP5Occ_NVT.sho	vertex	water_vertex	0	none0,none1	shader3.bin=5.0;shader3Low.bin=5.0
PgWaterVP5Occ_R2VB	0x05C01CFA	PgWaterVP5Occ_R2VB.sho	vertex	water_vertex	0	r2vb0,r2vb1	shaderR2VB.bin=5.0+5.1+5.2;shaderR2VBLow.bin=5.0+5.1+5.2
PgWaterWakeFP	0x735F2159	PgWaterWakeFP.sho	pixel	water_wake_pixel	0	none0,none1,r2vb0,r2vb1,vt0,vt1	-
PgWaterWakeVP	0xC5E1D409	PgWaterWakeVP.sho	vertex	water_wake_vertex	0	none0,none1,r2vb0,r2vb1,vt0,vt1	shader3.bin=0.0+5.0;shader3Low.bin=0.0+5.0
PgWaterZFullVP0	0xB3FE64F2	PgWaterZFullVP0.sho	vertex	water_vertex	0	vt0,vt1	shaderVT.bin=5.0;shaderVTLow.bin=5.0
PgWaterZFullVP0_NVT	0x1F7E1F57	PgWaterZFullVP0_NVT.sho	vertex	water_vertex	0	none0,none1	shader3.bin=5.0;shader3Low.bin=5.0
PgWaterZFullVP0_R2VB	0x2D3DC895	PgWaterZFullVP0_R2VB.sho	vertex	water_vertex	0	r2vb0,r2vb1	shaderR2VB.bin=5.0+5.1+5.2;shaderR2VBLow.bin=5.0+5.1+5.2
PgWaterZFullVP2	0x4C03D168	PgWaterZFullVP2.sho	vertex	water_vertex	0	vt0,vt1	shaderVT.bin=5.0;shaderVTLow.bin=5.0
PgWaterZFullVP2_NVT	0x70CE3229	PgWaterZFullVP2_NVT.sho	vertex	water_vertex	0	none0,none1	shader3.bin=5.0;shader3Low.bin=5.0
PgWaterZFullVP2_R2VB	0x7AE683EB	PgWaterZFullVP2_R2VB.sho	vertex	water_vertex	0	r2vb0,r2vb1	shaderR2VB.bin=5.0+5.1+5.2;shaderR2VBLow.bin=5.0+5.1+5.2
PgWaterZFullVP3	0x3605ED5D	PgWaterZFullVP3.sho	vertex	water_vertex	0	vt0,vt1	shaderVT.bin=5.0;shaderVTLow.bin=5.0
PgWaterZFullVP3_NVT	0x305ED4F8	PgWaterZFullVP3_NVT.sho	vertex	water_vertex	0	none0,none1	shader3.bin=5.0;shader3Low.bin=5.0
PgWaterZFullVP3_R2VB	0xA99EE220	PgWaterZFullVP3_R2VB.sho	vertex	water_vertex	0	r2vb0,r2vb1	shaderR2VB.bin=5.0+5.1+5.2;shaderR2VBLow.bin=5.0+5.1+5.2
PgWaterZFullVP5	0x4DF7089B	PgWaterZFullVP5.sho	vertex	water_vertex	0	vt0,vt1	shaderVT.bin=5.0;shaderVTLow.bin=5.0
PgWaterZFullVP5_NVT	0x89E12EAA	PgWaterZFullVP5_NVT.sho	vertex	water_vertex	0	none0,none1	shader3.bin=5.0;shader3Low.bin=5.0
PgWaterZFullVP5_R2VB	0x9BD946AE	PgWaterZFullVP5_R2VB.sho	vertex	water_vertex	0	r2vb0,r2vb1	shaderR2VB.bin=5.0+5.1+5.2;shaderR2VBLow.bin=5.0+5.1+5.2
PgWaterZSimpleVP	0x055CFB8B	PgWaterZSimpleVP.sho	vertex	water_vertex	0	none0,none1,r2vb0,r2vb1,vt0,vt1	shaderVT.bin=5.0;shaderVTLow.bin=5.0;shaderR2VB.bin=5.0+5.1+5.2;shaderR2VBLow.bin=5.0+5.1+5.2
PgZPassWaterFP	0xF4C7CF5E	PgZPassWaterFP.sho	pixel	pixel	0	none0,none1,r2vb0,r2vb1,vt0,vt1	-
