family	stage	vtable	size	constants
pixel	pixel	0x00BE89EC	0xFC	materialData,globalLightData,numPointLights,numSpotLights,pointLights,spotLights,cameraPos,user,viewport,depthXform,dxt1NormalMap,blurAndTint
adaptive_luminance_pixel	pixel	0x00BAADD0	0x10C	materialData,globalLightData,numPointLights,numSpotLights,pointLights,spotLights,cameraPos,user,viewport,depthXform,dxt1NormalMap,blurAndTint,adaptiveParams,minmaxAdaptiveParams
anti_aliasing_pixel	pixel	0x00BE85B4	0x11C	materialData,globalLightData,numPointLights,numSpotLights,pointLights,spotLights,cameraPos,user,viewport,depthXform,dxt1NormalMap,blurAndTint,offset,threshold,projectParams,depthAntiAliasParams
billboard_tree_pixel	pixel	0x00BAC888	0x104	materialData,globalLightData,numPointLights,numSpotLights,pointLights,spotLights,cameraPos,user,viewport,depthXform,dxt1NormalMap,blurAndTint,gWrapLighting
blob_shadow_pixel	pixel	0x00BAB148	0x114	materialData,globalLightData,numPointLights,numSpotLights,pointLights,spotLights,cameraPos,user,viewport,depthXform,dxt1NormalMap,blurAndTint,ProjectParams,ViewToLocal,Darkness
blur_pixel	pixel	0x00BE8A58	0x104	materialData,globalLightData,numPointLights,numSpotLights,pointLights,spotLights,cameraPos,user,viewport,depthXform,dxt1NormalMap,blurAndTint,blurScale
cloud_gen_pixel	pixel	0x00BAB59C	0x11C	materialData,globalLightData,numPointLights,numSpotLights,pointLights,spotLights,cameraPos,user,viewport,depthXform,dxt1NormalMap,blurAndTint,tcoffAR,tcoffGB,weightsARGB,clampScaleShape
cloud_render_pixel	pixel	0x00BAB584	0x14C	materialData,globalLightData,numPointLights,numSpotLights,pointLights,spotLights,cameraPos,user,viewport,depthXform,dxt1NormalMap,blurAndTint,cQuad0,cQuad1,cQuad2,cQuad3,cQuad4,cQuad5,cQuad6,cQuad7,cQuad8,cQuad9
composite_pixel	pixel	0x00BAAEDC	0x104	materialData,globalLightData,numPointLights,numSpotLights,pointLights,spotLights,cameraPos,user,viewport,depthXform,dxt1NormalMap,blurAndTint,projectParams
decal_pixel	pixel	0x00BAC614	0x104	materialData,globalLightData,numPointLights,numSpotLights,pointLights,spotLights,cameraPos,user,viewport,depthXform,dxt1NormalMap,blurAndTint,decalParam
down_sample_pixel	pixel	0x00BAADE8	0x104	materialData,globalLightData,numPointLights,numSpotLights,pointLights,spotLights,cameraPos,user,viewport,depthXform,dxt1NormalMap,blurAndTint,texSize
fx_pixel	pixel	0x00BAC314	0x104	materialData,globalLightData,numPointLights,numSpotLights,pointLights,spotLights,cameraPos,user,viewport,depthXform,dxt1NormalMap,blurAndTint,projectParams
hdr_flare_pixel	pixel	0x00BAADA0	0x15C	materialData,globalLightData,numPointLights,numSpotLights,pointLights,spotLights,cameraPos,user,viewport,depthXform,dxt1NormalMap,blurAndTint,srect,colormod,brightpow,rotX0,rotY0,rotX1,rotY1,rotX2,rotY2,rotX3,rotY3,scaleset
motion_blur_pixel	pixel	0x00BAAE84	0x11C	materialData,globalLightData,numPointLights,numSpotLights,pointLights,spotLights,cameraPos,user,viewport,depthXform,dxt1NormalMap,blurAndTint,MotionBlurConstantX,MotionBlurConstantY,MotionBlurConstantW,MotionBlurVelocityScale
rain_pixel	pixel	0x00BAAF8C	0x10C	materialData,globalLightData,numPointLights,numSpotLights,pointLights,spotLights,cameraPos,user,viewport,depthXform,dxt1NormalMap,blurAndTint,rainVelocity,rainColor
ribbon_pixel	pixel	0x00BAC410	0xFC	materialData,globalLightData,numPointLights,numSpotLights,pointLights,spotLights,cameraPos,user,viewport,depthXform,dxt1NormalMap,blurAndTint
scaleform_cxform_pixel	pixel	0x00BAD158	0x10C	CXMul,CXAdd
scaleform_solid_color_pixel	pixel	0x00BAD170	0x104	SolidFillColor
scaleform_strip_pixel	pixel	0x00BAD128	0x10C	CXMul,CXAdd
scaleform_text_texture_pixel	pixel	0x00BAD140	0x104	TextColor
shimmer_pixel	pixel	0x00BAAE5C	0x10C	materialData,globalLightData,numPointLights,numSpotLights,pointLights,spotLights,cameraPos,user,viewport,depthXform,dxt1NormalMap,blurAndTint,shimmerScale,projectParams
sky_pixel	pixel	0x00BAB604	0x104	materialData,globalLightData,numPointLights,numSpotLights,pointLights,spotLights,cameraPos,user,viewport,depthXform,dxt1NormalMap,blurAndTint,projectParams
tone_mapping_pixel	pixel	0x00BAADB8	0x13C	materialData,globalLightData,numPointLights,numSpotLights,pointLights,spotLights,cameraPos,user,viewport,depthXform,dxt1NormalMap,blurAndTint,imageParams,filterParams,dofParams,projectParams,MotionBlurConstantX,MotionBlurConstantY,MotionBlurConstantW,MotionBlurVelocityScale
water_height_map_pixel	pixel	0x00BAB97C	0x104	WHooWooH
water_pixel	pixel	0x00BAC168	0x10C	materialData,globalLightData,numPointLights,numSpotLights,pointLights,spotLights,cameraPos,user,viewport,depthXform,dxt1NormalMap,blurAndTint,ProjectParams,Waves
water_wake_pixel	pixel	0x00BAB964	0x104	WakeHeightScale
vertex	vertex	0x00BE8A04	0x114	objectData,LocalToWorld,PrevLocalToWorld,viewContextData,viewContextData.ViewProj,BoneMatrixArray,InvViewport,UVMatrix,BlendWeight,User,globalLightData,atmosphereData,atmosphereData.ScatteringTermMultiplier,ObjectIDScaleArray,WindMatrix
billboard_tree_instance_vertex	vertex	0x00BAC870	0x11C	objectData,LocalToWorld,PrevLocalToWorld,viewContextData,viewContextData.ViewProj,BoneMatrixArray,InvViewport,UVMatrix,BlendWeight,User,globalLightData,atmosphereData,atmosphereData.ScatteringTermMultiplier,ObjectIDScaleArray,WindMatrix,gNumVertsPerModel
billboard_tree_vertex	vertex	0x00BAC858	0x11C	objectData,LocalToWorld,PrevLocalToWorld,viewContextData,viewContextData.ViewProj,BoneMatrixArray,InvViewport,UVMatrix,BlendWeight,User,globalLightData,atmosphereData,atmosphereData.ScatteringTermMultiplier,ObjectIDScaleArray,WindMatrix,gBillboardData
blob_shadow_vertex	vertex	0x00BAB130	0x12C	objectData,LocalToWorld,PrevLocalToWorld,viewContextData,viewContextData.ViewProj,BoneMatrixArray,InvViewport,UVMatrix,BlendWeight,User,globalLightData,atmosphereData,atmosphereData.ScatteringTermMultiplier,ObjectIDScaleArray,WindMatrix,LocalToProj,LocalToView,InvScrSize
cloud_render_vertex	vertex	0x00BAB56C	0x16C	objectData,LocalToWorld,PrevLocalToWorld,viewContextData,viewContextData.ViewProj,BoneMatrixArray,InvViewport,UVMatrix,BlendWeight,User,globalLightData,atmosphereData,atmosphereData.ScatteringTermMultiplier,ObjectIDScaleArray,WindMatrix,cQuad0,cQuad1,cQuad2,cQuad3,cQuad4,cQuad5,cQuad6,cQuad7,cQuad8,cQuad9,g_ViewProjMtx
decal_vertex	vertex	0x00BAC5FC	0x124	objectData,LocalToWorld,PrevLocalToWorld,viewContextData,viewContextData.ViewProj,BoneMatrixArray,InvViewport,UVMatrix,BlendWeight,User,globalLightData,atmosphereData,atmosphereData.ScatteringTermMultiplier,ObjectIDScaleArray,WindMatrix,decalNormal,textureParam
fx_vertex	vertex	0x00BAC2FC	0x114	objectData,LocalToWorld,PrevLocalToWorld,viewContextData,viewContextData.ViewProj,BoneMatrixArray,InvViewport,UVMatrix,BlendWeight,User,globalLightData,atmosphereData,atmosphereData.ScatteringTermMultiplier,ObjectIDScaleArray,WindMatrix
mesh_combiner_vertex	vertex	0x00BAC6B0	0x114	objectData,LocalToWorld,PrevLocalToWorld,viewContextData,viewContextData.ViewProj,BoneMatrixArray,InvViewport,UVMatrix,BlendWeight,User,globalLightData,atmosphereData,atmosphereData.ScatteringTermMultiplier,ObjectIDScaleArray,WindMatrix
rain_vertex	vertex	0x00BAAF74	0x12C	objectData,LocalToWorld,PrevLocalToWorld,viewContextData,viewContextData.ViewProj,BoneMatrixArray,InvViewport,UVMatrix,BlendWeight,User,globalLightData,atmosphereData,atmosphereData.ScatteringTermMultiplier,ObjectIDScaleArray,WindMatrix,rainVelocity,rainCenter,rainFov
ribbon_vertex	vertex	0x00BAC3F8	0x114	objectData,LocalToWorld,PrevLocalToWorld,viewContextData,viewContextData.ViewProj,BoneMatrixArray,InvViewport,UVMatrix,BlendWeight,User,globalLightData,atmosphereData,atmosphereData.ScatteringTermMultiplier,ObjectIDScaleArray,WindMatrix
road_vertex	vertex	0x00BAC448	0x12C	objectData,LocalToWorld,PrevLocalToWorld,viewContextData,viewContextData.ViewProj,BoneMatrixArray,InvViewport,UVMatrix,BlendWeight,User,globalLightData,atmosphereData,atmosphereData.ScatteringTermMultiplier,ObjectIDScaleArray,WindMatrix,spline,points_count,prim
scaleform_glyph_vertex	vertex	0x00BAD110	0x11C	Mvp
scaleform_strip_vertex	vertex	0x00BAD0F8	0x124	Mvp,TexGen
scrub_vertex	vertex	0x00BAC97C	0x12C	objectData,LocalToWorld,PrevLocalToWorld,viewContextData,viewContextData.ViewProj,BoneMatrixArray,InvViewport,UVMatrix,BlendWeight,User,globalLightData,atmosphereData,atmosphereData.ScatteringTermMultiplier,ObjectIDScaleArray,WindMatrix,AlphaVec,WindMatrix,WindParams
sky_vertex	vertex	0x00BAB5EC	0x11C	objectData,LocalToWorld,PrevLocalToWorld,viewContextData,viewContextData.ViewProj,BoneMatrixArray,InvViewport,UVMatrix,BlendWeight,User,globalLightData,atmosphereData,atmosphereData.ScatteringTermMultiplier,ObjectIDScaleArray,WindMatrix,scale
sun_vertex	vertex	0x00BAB61C	0x124	objectData,LocalToWorld,PrevLocalToWorld,viewContextData,viewContextData.ViewProj,BoneMatrixArray,InvViewport,UVMatrix,BlendWeight,User,globalLightData,atmosphereData,atmosphereData.ScatteringTermMultiplier,ObjectIDScaleArray,WindMatrix,Matrix_,SunPosWS_
terrain_mesh_vertex	vertex	0x00BACCD8	0x124	objectData,LocalToWorld,PrevLocalToWorld,viewContextData,viewContextData.ViewProj,BoneMatrixArray,InvViewport,UVMatrix,BlendWeight,User,globalLightData,atmosphereData,atmosphereData.ScatteringTermMultiplier,ObjectIDScaleArray,WindMatrix,FadeDistances,PositionOffset
water_vertex	vertex	0x00BAC150	0x134	objectData,LocalToWorld,PrevLocalToWorld,viewContextData,viewContextData.ViewProj,BoneMatrixArray,InvViewport,UVMatrix,BlendWeight,User,globalLightData,atmosphereData,atmosphereData.ScatteringTermMultiplier,ObjectIDScaleArray,WindMatrix,FoamAlpha,SubDivParams,Waves,HeightScalingParams
water_wake_vertex	vertex	0x00BAB94C	0x11C	WakeWorldUV
