rule	input	choices
pixel	1:1	PgDiffAmbOccFP,PgDiffAmbOccRimFP,PgDiffFP,PgDiffRimFP,PgDiffSpecFP,PgFastFP
pixel	2:11	PgDiffEmisAmbOccFP,PgDiffEmisAmbOccRimFP,PgDiffEmisFP,PgDiffEmisRimFP,PgDiffSpecAmbOccFP,PgDiffSpecAmbOccRimFP,PgDiffSpecFP,PgDiffSpecMetalFP,PgDiffSpecReflFP,PgDiffSpecRimFP,PgFastFP
pixel	3:011	PgDiffRefractNormFP
pixel	3:111	PgDiffSpecMetalNormAmbOccFP,PgDiffSpecMetalNormAmbOccRimFP,PgDiffSpecMetalNormFP,PgDiffSpecMetalNormRimFP,PgDiffSpecNormAmbOccFP,PgDiffSpecNormAmbOccRimFP,PgDiffSpecNormFP,PgDiffSpecNormRimFP,PgDiffSpecReflNormAmbOccFP,PgDiffSpecReflNormAmbOccRimFP,PgDiffSpecReflNormFP,PgDiffSpecReflNormRimFP,PgDiffSpecSSSNormAmbOccFP,PgDiffSpecSSSNormAmbOccRimFP,PgDiffSpecSSSNormRimFP
vertex	MESH|0.0+3.0|PgDiffFP	PgMeshNoTangentNoColorVP
vertex	MESH|0.0+3.0|PgDiffSpecNormFP	PgMeshNoTangentNoColorVP
vertex	MESH|0.0+5.0+10.0+3.0+6.0|PgDiffSpecMetalNormAmbOccFP	PgMeshVP
vertex	MESH|0.0+5.0+10.0+3.0+6.0|PgDiffSpecMetalNormAmbOccRimFP	PgMeshVP
vertex	MESH|0.0+5.0+10.0+3.0+6.0|PgDiffSpecNormAmbOccFP	PgMeshAmbientWindVP,PgMeshVP
vertex	MESH|0.0+5.0+10.0+3.0+6.0|PgDiffSpecNormAmbOccRimFP	PgMeshAmbientWindVP,PgMeshVP
vertex	MESH|0.0+5.0+10.0+3.0+6.0|PgDiffSpecReflNormAmbOccFP	PgMeshVP
vertex	MESH|0.0+5.0+10.0+3.0+6.0|PgDiffSpecReflNormAmbOccRimFP	PgMeshVP
vertex	MESH|0.0+5.0+10.0+3.0|PgDiffAmbOccFP	PgMeshNoTangentAmbientWindVP,PgMeshNoTangentVP
vertex	MESH|0.0+5.0+10.0+3.0|PgDiffAmbOccRimFP	PgMeshNoTangentVP
vertex	MESH|0.0+5.0+10.0+3.0|PgDiffEmisAmbOccFP	PgMeshNoTangentVP
vertex	MESH|0.0+5.0+10.0+3.0|PgDiffEmisAmbOccRimFP	PgMeshNoTangentVP
vertex	MESH|0.0+5.0+10.0+3.0|PgDiffSpecAmbOccFP	PgMeshNoTangentAmbientWindVP,PgMeshNoTangentVP
vertex	MESH|0.0+5.0+10.0+3.0|PgFastFP	PgMeshVPFast,PgMeshVPFastAmbientWind
vertex	MESH|0.0+5.0+3.0+6.0|PgDiffRefractNormFP	PgMeshRefractVP
vertex	MESH|0.0+5.0+3.0+6.0|PgDiffSpecMetalNormFP	PgMeshNoColorVP
vertex	MESH|0.0+5.0+3.0+6.0|PgDiffSpecMetalNormRimFP	PgMeshNoColorVP
vertex	MESH|0.0+5.0+3.0+6.0|PgDiffSpecNormFP	PgMeshNoColorVP
vertex	MESH|0.0+5.0+3.0+6.0|PgDiffSpecNormRimFP	PgMeshNoColorVP
vertex	MESH|0.0+5.0+3.0+6.0|PgDiffSpecReflNormFP	PgMeshNoColorVP
vertex	MESH|0.0+5.0+3.0+6.0|PgDiffSpecReflNormRimFP	PgMeshNoColorVP
vertex	MESH|0.0+5.0+3.0|PgDiffEmisFP	PgMeshNoTangentNoColorVP
vertex	MESH|0.0+5.0+3.0|PgDiffEmisRimFP	PgMeshNoTangentNoColorVP
vertex	MESH|0.0+5.0+3.0|PgDiffFP	PgMeshNoTangentNoColorVP
vertex	MESH|0.0+5.0+3.0|PgDiffRimFP	PgMeshNoTangentNoColorVP
vertex	MESH|0.0+5.0+3.0|PgDiffSpecFP	PgMeshNoTangentNoColorVP
vertex	MESH|0.0+5.0+3.0|PgDiffSpecNormFP	PgMeshNoTangentNoColorVP
vertex	MESH|0.0+5.0+3.0|PgDiffSpecReflFP	PgMeshNoTangentNoColorVP
vertex	MESH|0.0+5.0+3.0|PgFastFP	PgMeshVPFast
vertex	SKIN|0.0+5.0+10.0+2.0+1.0+3.0+5.1+5.2+5.3+5.4+5.5+5.6|PgDiffAmbOccFP	PgSkinMorphNoTangentVP
vertex	SKIN|0.0+5.0+10.0+2.0+1.0+3.0+5.1+5.2+5.3+5.4+5.5+5.6|PgDiffAmbOccRimFP	PgSkinMorphNoTangentVP
vertex	SKIN|0.0+5.0+10.0+2.0+1.0+3.0+6.0+5.1+5.2+5.3+5.4+5.5+5.6|PgDiffSpecNormAmbOccFP	PgSkinMorphVP
vertex	SKIN|0.0+5.0+10.0+2.0+1.0+3.0+6.0+5.1+5.2+5.3+5.4+5.5+5.6|PgDiffSpecNormAmbOccRimFP	PgSkinMorphVP
vertex	SKIN|0.0+5.0+10.0+2.0+1.0+3.0+6.0+5.1+5.2+5.3+5.4+5.5+5.6|PgDiffSpecSSSNormAmbOccRimFP	PgSkinMorphVP
vertex	SKIN|0.0+5.0+10.0+2.0+1.0+3.0+6.0|PgDiffRefractNormFP	PgSkinRefractVP
vertex	SKIN|0.0+5.0+10.0+2.0+1.0+3.0+6.0|PgDiffSpecNormAmbOccFP	PgSkinAmbientWindVP,PgSkinVP
vertex	SKIN|0.0+5.0+10.0+2.0+1.0+3.0+6.0|PgDiffSpecNormAmbOccRimFP	PgSkinVP
vertex	SKIN|0.0+5.0+10.0+2.0+1.0+3.0+6.0|PgDiffSpecReflNormAmbOccFP	PgSkinVP
vertex	SKIN|0.0+5.0+10.0+2.0+1.0+3.0+6.0|PgDiffSpecReflNormAmbOccRimFP	PgSkinVP
vertex	SKIN|0.0+5.0+10.0+2.0+1.0+3.0+6.0|PgDiffSpecSSSNormAmbOccFP	PgSkinVP
vertex	SKIN|0.0+5.0+10.0+2.0+1.0+3.0+6.0|PgDiffSpecSSSNormAmbOccRimFP	PgSkinVP
vertex	SKIN|0.0+5.0+10.0+2.0+1.0+3.0|PgDiffAmbOccFP	PgSkinNoTangentAmbientWindVP,PgSkinNoTangentVP
vertex	SKIN|0.0+5.0+10.0+2.0+1.0+3.0|PgDiffAmbOccRimFP	PgSkinNoTangentVP
vertex	SKIN|0.0+5.0+10.0+2.0+1.0+3.0|PgDiffSpecAmbOccFP	PgSkinNoTangentAmbientWindVP,PgSkinNoTangentVP
vertex	SKIN|0.0+5.0+10.0+2.0+1.0+3.0|PgDiffSpecAmbOccRimFP	PgSkinNoTangentVP
vertex	SKIN|0.0+5.0+10.0+2.0+1.0+3.0|PgFastFP	PgSkinVPFast,PgSkinVPFastAmbientWind
vertex	SKIN|0.0+5.0+2.0+1.0+3.0+6.0|PgDiffSpecMetalNormFP	PgSkinNoColorVP
vertex	SKIN|0.0+5.0+2.0+1.0+3.0+6.0|PgDiffSpecNormFP	PgSkinNoColorVP
vertex	SKIN|0.0+5.0+2.0+1.0+3.0+6.0|PgDiffSpecNormRimFP	PgSkinNoColorVP
vertex	SKIN|0.0+5.0+2.0+1.0+3.0+6.0|PgDiffSpecReflNormFP	PgSkinNoColorVP
vertex	SKIN|0.0+5.0+2.0+1.0+3.0+6.0|PgDiffSpecReflNormRimFP	PgSkinNoColorVP
vertex	SKIN|0.0+5.0+2.0+1.0+3.0+6.0|PgDiffSpecSSSNormRimFP	PgSkinNoColorVP
vertex	SKIN|0.0+5.0+2.0+1.0+3.0|PgDiffEmisFP	PgSkinNoTangentNoColorVP
vertex	SKIN|0.0+5.0+2.0+1.0+3.0|PgDiffFP	PgSkinNoTangentNoColorVP
vertex	SKIN|0.0+5.0+2.0+1.0+3.0|PgDiffRimFP	PgSkinNoTangentNoColorVP
vertex	SKIN|0.0+5.0+2.0+1.0+3.0|PgDiffSpecReflFP	PgSkinNoTangentNoColorVP
vertex	SKIN|0.0+5.0+2.0+1.0+3.0|PgFastFP	PgSkinVPFast
vertex	TINY|0.0+5.0+3.0|PgDiffFP	PgMeshTinyVP,PgMeshTinyVP_Ruin
shadow	MESH|PgMeshAmbientWindVP|alpha	PgMeshTexAmbientWindShadowVP
shadow	MESH|PgMeshAmbientWindVP|opaque	PgMeshAmbientWindShadowVP
shadow	MESH|PgMeshNoColorVP|alpha	PgMeshTexShadowVP
shadow	MESH|PgMeshNoColorVP|opaque	PgMeshShadowVP
shadow	MESH|PgMeshNoTangentAmbientWindVP|alpha	PgMeshTexAmbientWindShadowVP
shadow	MESH|PgMeshNoTangentAmbientWindVP|opaque	PgMeshAmbientWindShadowVP
shadow	MESH|PgMeshNoTangentNoColorVP|alpha	PgMeshTexShadowVP
shadow	MESH|PgMeshNoTangentNoColorVP|opaque	PgMeshShadowVP
shadow	MESH|PgMeshNoTangentVP|alpha	PgMeshTexShadowVP
shadow	MESH|PgMeshNoTangentVP|opaque	PgMeshShadowVP
shadow	MESH|PgMeshRefractVP|opaque	PgMeshShadowVP
shadow	MESH|PgMeshVPFastAmbientWind|alpha	PgMeshTexAmbientWindShadowVP
shadow	MESH|PgMeshVPFastAmbientWind|opaque	PgMeshAmbientWindShadowVP
shadow	MESH|PgMeshVPFast|alpha	PgMeshTexShadowVP
shadow	MESH|PgMeshVPFast|opaque	PgMeshShadowVP
shadow	MESH|PgMeshVP|alpha	PgMeshTexShadowVP
shadow	MESH|PgMeshVP|opaque	PgMeshShadowVP
shadow	SKIN|PgSkinAmbientWindVP|alpha	PgSkinTexAmbientWindShadowVP
shadow	SKIN|PgSkinAmbientWindVP|opaque	PgSkinAmbientWindShadowVP
shadow	SKIN|PgSkinMorphNoColorVP|opaque	PgSkinMorphShadowVP
shadow	SKIN|PgSkinMorphNoTangentVP|alpha	PgSkinMorphTexShadowVP
shadow	SKIN|PgSkinMorphNoTangentVP|opaque	PgSkinMorphShadowVP
shadow	SKIN|PgSkinMorphVP|alpha	PgSkinMorphTexShadowVP
shadow	SKIN|PgSkinMorphVP|opaque	PgSkinMorphShadowVP
shadow	SKIN|PgSkinNoColorVP|alpha	PgSkinTexShadowVP
shadow	SKIN|PgSkinNoColorVP|opaque	PgSkinShadowVP
shadow	SKIN|PgSkinNoTangentAmbientWindVP|alpha	PgSkinTexAmbientWindShadowVP
shadow	SKIN|PgSkinNoTangentNoColorVP|alpha	PgSkinTexShadowVP
shadow	SKIN|PgSkinNoTangentNoColorVP|opaque	PgSkinShadowVP
shadow	SKIN|PgSkinNoTangentVP|alpha	PgSkinTexShadowVP
shadow	SKIN|PgSkinNoTangentVP|opaque	PgSkinShadowVP
shadow	SKIN|PgSkinRefractVP|opaque	PgSkinShadowVP
shadow	SKIN|PgSkinVPFastAmbientWind|alpha	PgSkinTexAmbientWindShadowVP
shadow	SKIN|PgSkinVPFastAmbientWind|opaque	PgSkinAmbientWindShadowVP
shadow	SKIN|PgSkinVPFast|alpha	PgSkinTexShadowVP
shadow	SKIN|PgSkinVPFast|opaque	PgSkinShadowVP
shadow	SKIN|PgSkinVP|alpha	PgSkinTexShadowVP
shadow	SKIN|PgSkinVP|opaque	PgSkinShadowVP
shadow	TINY|PgMeshTinyVP_Ruin|alpha	PgMeshTinyShadowTexVP_Ruin
shadow	TINY|PgMeshTinyVP_Ruin|opaque	PgMeshTinyShadowVP_Ruin
shadow	TINY|PgMeshTinyVP|alpha	PgMeshTinyShadowTexVP
shadow	TINY|PgMeshTinyVP|opaque	PgMeshTinyShadowVP
